sample_name,plate_well,combinatorial_barcode
PD190_humanmouse_A01,A01,AAGTGATTAGCAA
PD190_humanmouse_A02,A02,AGAATCCCCCTAA
PD190_humanmouse_A03,A03,ACCTGGGAAACTA
PD190_humanmouse_A04,A04,ATACCTCCCAGGA
PD190_humanmouse_A05,A05,AATTTGTGGTATA
PD190_humanmouse_A06,A06,ACCCGAGAGATCA
PD190_humanmouse_A07,A07,AGAGTATAGGGTA
PD190_humanmouse_A08,A08,ATCTTAATTGAGA
PD190_humanmouse_A09,A09,AACGTTCTGTCGA
PD190_humanmouse_A10,A10,ACATAATGGCGAA
PD190_humanmouse_A11,A11,AGGCCGGAACATA
PD190_humanmouse_A12,A12,ATCACTTCAAGAA
PD190_humanmouse_B01,B01,AAGCTGGCCTTCA
PD190_humanmouse_B02,B02,ACTGCACATTGGA
PD190_humanmouse_B03,B03,AGGTCCTTCGATA
PD190_humanmouse_B04,B04,ATTCGCACCCGAA
PD190_humanmouse_B05,B05,ACCGTAAATTACA
PD190_humanmouse_B06,B06,AGTAGTCGATATA
PD190_humanmouse_B07,B07,ATGTAAGAATCAA
PD190_humanmouse_B08,B08,AAGGCCCGCCGTA
PD190_humanmouse_B09,B09,ACTCCACGCAAGA
PD190_humanmouse_B10,B10,AGTCTTTGATTAA
PD190_humanmouse_B11,B11,ATAGAGCCCGCCA
PD190_humanmouse_B12,B12,AAGAAATGGAGGA
PD190_humanmouse_C01,C01,TCAGCGCTGGTTA
PD190_humanmouse_C02,C02,TGTTGACGAATAA
PD190_humanmouse_C03,C03,TTGCATCAGCGCA
PD190_humanmouse_C04,C04,TAGCCATATGAGA
PD190_humanmouse_C05,C05,TCCTGCCCCTGTA
PD190_humanmouse_C06,C06,TGGTATAAAACCA
PD190_humanmouse_C07,C07,TTAAAGTCATGCA
PD190_humanmouse_C08,C08,TAGAACTCAGAAA
PD190_humanmouse_C09,C09,TCAGCTTAATCGC
PD190_humanmouse_C10,C10,TGGCTTAAGAGAC
PD190_humanmouse_C11,C11,TTCACCTGTCGGC
PD190_humanmouse_C12,C12,TATAGTGATACTC
PD190_humanmouse_D01,D01,TCATCAGCGAACC
PD190_humanmouse_D02,D02,TGCGCCATGGGAC
PD190_humanmouse_D03,D03,TTGTTGAACTCCC
PD190_humanmouse_D04,D04,TATATACGCAGTC
PD190_humanmouse_D05,D05,TCGCACGACGTAC
PD190_humanmouse_D06,D06,TGGGACAGAAGGC
PD190_humanmouse_D07,D07,TTTAACAAGTATC
PD190_humanmouse_D08,D08,TACTCCTGGGTAC
PD190_humanmouse_D09,D09,TCAGAAAACCCCC
PD190_humanmouse_D10,D10,TGCACGAGCAGTC
PD190_humanmouse_D11,D11,TTATTATGCTTCC
PD190_humanmouse_D12,D12,TAGCGACTGTATC
PD190_humanmouse_E01,E01,CCCTTGCGACAGC
PD190_humanmouse_E02,E02,CGTTAGATTGCAC
PD190_humanmouse_E03,E03,CTAAATACCATCC
PD190_humanmouse_E04,E04,CATATTTTTTAGC
PD190_humanmouse_E05,E05,CCCCTAAACGCTC
PD190_humanmouse_E06,E06,CGATTGTTAGGAC
PD190_humanmouse_E07,E07,CTACCGAGTCTCC
PD190_humanmouse_E08,E08,CAGAACAAATTGC
PD190_humanmouse_E09,E09,CCTTGATCTCATC
PD190_humanmouse_E10,E10,CGCCACGCGTTAC
PD190_humanmouse_E11,E11,CTATAGATACGGC
PD190_humanmouse_E12,E12,CATACCCAGCCAC
PD190_humanmouse_F01,F01,CCCCGGATGTACC
PD190_humanmouse_F02,F02,CGATCTCGGCTTC
PD190_humanmouse_F03,F03,CTAGCCGCTTTGC
PD190_humanmouse_F04,F04,CCTAAATACAGCC
PD190_humanmouse_F05,F05,CGGGTTTTACCAG
PD190_humanmouse_F06,F06,CATATCCATTGCG
PD190_humanmouse_F07,F07,CCTCCCGAGAGTG
PD190_humanmouse_F08,F08,CGAATATCTCCGG
PD190_humanmouse_F09,F09,CTACTAACCCACG
PD190_humanmouse_F10,F10,CAAATGATACAAG
PD190_humanmouse_F11,F11,CCCCCATTATTTG
PD190_humanmouse_F12,F12,CGAGTCGCGACGG
PD190_humanmouse_G01,G01,GTGGTTGTGGCCG
PD190_humanmouse_G02,G02,GATTCAAGGAAAG
PD190_humanmouse_G03,G03,GCCAAGATCTGGG
PD190_humanmouse_G04,G04,GATACTGTATCAG
PD190_humanmouse_G05,G05,GCCGATTCGTGCG
PD190_humanmouse_G06,G06,GTGACAACGCTGG
PD190_humanmouse_G07,G07,GGGCTGTCTTATG
PD190_humanmouse_G08,G08,GACCCTGGCCTGG
PD190_humanmouse_G09,G09,GCGTACGCTTATG
PD190_humanmouse_G10,G10,GTTGCACTTAATG
PD190_humanmouse_G11,G11,GGACAAAGAGAAG
PD190_humanmouse_G12,G12,GAACCACAGCACG
PD190_humanmouse_H01,H01,GCTTATCTAGAGG
PD190_humanmouse_H02,H02,GTAATGTGGTCAG
PD190_humanmouse_H03,H03,GGCGCGCGAGCTG
PD190_humanmouse_H04,H04,GTCCATGTGTGTG
PD190_humanmouse_H05,H05,GGGAGGAATCCAG
PD190_humanmouse_H06,H06,GATCAAAATAGGG
PD190_humanmouse_H07,H07,GCAAGACTGCCAG
PD190_humanmouse_H08,H08,GTAGGATGGACCG
PD190_humanmouse_H09,H09,GGATCGGACCTAG
PD190_humanmouse_H10,H10,GCCCAAAGGAATG
PD190_humanmouse_H11,H11,GTACCTAACGCAG
PD190_humanmouse_H12,H12,GGTCAGGTTCAGG
