sample_name,combinatorial_barcode,plate_well,donor_id,tcr_stimulation,donor_sex
PD205_1_scifi_Mouse_LI_CellsMeOH_A01,AAGTGATTAGCAA,A01,three_C57BL/6_mice,,male
PD205_1_scifi_Mouse_LI_CellsMeOH_A03,AGAATCCCCCTAA,A03,three_C57BL/6_mice,,male
PD205_1_scifi_Mouse_LI_CellsMeOH_A05,ACCTGGGAAACTA,A05,three_C57BL/6_mice,,male
PD205_1_scifi_Mouse_LI_CellsMeOH_A07,ATACCTCCCAGGA,A07,three_C57BL/6_mice,,male
PD205_1_scifi_Mouse_LI_CellsMeOH_A09,AATTTGTGGTATA,A09,three_C57BL/6_mice,,male
PD205_1_scifi_Mouse_LI_CellsMeOH_A11,ACCCGAGAGATCA,A11,three_C57BL/6_mice,,male
PD205_1_scifi_Mouse_LI_CellsMeOH_A13,AGAGTATAGGGTA,A13,three_C57BL/6_mice,,male
PD205_1_scifi_Mouse_LI_CellsMeOH_A15,ATCTTAATTGAGA,A15,three_C57BL/6_mice,,male
PD205_1_scifi_Mouse_LI_CellsMeOH_A17,AACGTTCTGTCGA,A17,three_C57BL/6_mice,,male
PD205_1_scifi_Mouse_LI_CellsMeOH_A19,ACATAATGGCGAA,A19,three_C57BL/6_mice,,male
PD205_1_scifi_Mouse_LI_CellsMeOH_A21,AGGCCGGAACATA,A21,three_C57BL/6_mice,,male
PD205_1_scifi_Mouse_LI_CellsMeOH_A23,ATCACTTCAAGAA,A23,three_C57BL/6_mice,,male
PD205_1_scifi_Mouse_LI_CellsMeOH_B01,AAGCTGGCCTTCA,B01,three_C57BL/6_mice,,male
PD205_1_scifi_Mouse_LI_CellsMeOH_B03,ACTGCACATTGGA,B03,three_C57BL/6_mice,,male
PD205_1_scifi_Mouse_LI_CellsMeOH_B05,AGGTCCTTCGATA,B05,three_C57BL/6_mice,,male
PD205_1_scifi_Mouse_LI_CellsMeOH_B07,ATTCGCACCCGAA,B07,three_C57BL/6_mice,,male
PD205_1_scifi_Mouse_LI_CellsMeOH_B09,ACCGTAAATTACA,B09,three_C57BL/6_mice,,male
PD205_1_scifi_Mouse_LI_CellsMeOH_B11,AGTAGTCGATATA,B11,three_C57BL/6_mice,,male
PD205_1_scifi_Mouse_LI_CellsMeOH_B13,ATGTAAGAATCAA,B13,three_C57BL/6_mice,,male
PD205_1_scifi_Mouse_LI_CellsMeOH_B15,AAGGCCCGCCGTA,B15,three_C57BL/6_mice,,male
PD205_1_scifi_Mouse_LI_CellsMeOH_B17,ACTCCACGCAAGA,B17,three_C57BL/6_mice,,male
PD205_1_scifi_Mouse_LI_CellsMeOH_B19,AGTCTTTGATTAA,B19,three_C57BL/6_mice,,male
PD205_1_scifi_Mouse_LI_CellsMeOH_B21,ATAGAGCCCGCCA,B21,three_C57BL/6_mice,,male
PD205_1_scifi_Mouse_LI_CellsMeOH_B23,AAGAAATGGAGGA,B23,three_C57BL/6_mice,,male
PD205_1_scifi_Mouse_LI_CellsMeOH_C01,TCAGCGCTGGTTA,C01,three_C57BL/6_mice,,male
PD205_1_scifi_Mouse_LI_CellsMeOH_C03,TGTTGACGAATAA,C03,three_C57BL/6_mice,,male
PD205_1_scifi_Mouse_LI_CellsMeOH_C05,TTGCATCAGCGCA,C05,three_C57BL/6_mice,,male
PD205_1_scifi_Mouse_LI_CellsMeOH_C07,TAGCCATATGAGA,C07,three_C57BL/6_mice,,male
PD205_1_scifi_Mouse_LI_CellsMeOH_C09,TCCTGCCCCTGTA,C09,three_C57BL/6_mice,,male
PD205_1_scifi_Mouse_LI_CellsMeOH_C11,TGGTATAAAACCA,C11,three_C57BL/6_mice,,male
PD205_1_scifi_Mouse_LI_CellsMeOH_C13,TTAAAGTCATGCA,C13,three_C57BL/6_mice,,male
PD205_1_scifi_Mouse_LI_CellsMeOH_C15,TAGAACTCAGAAA,C15,three_C57BL/6_mice,,male
PD205_1_scifi_Mouse_LI_CellsMeOH_C17,TCAGCTTAATCGC,C17,three_C57BL/6_mice,,male
PD205_1_scifi_Mouse_LI_CellsMeOH_C19,TGGCTTAAGAGAC,C19,three_C57BL/6_mice,,male
PD205_1_scifi_Mouse_LI_CellsMeOH_C21,TTCACCTGTCGGC,C21,three_C57BL/6_mice,,male
PD205_1_scifi_Mouse_LI_CellsMeOH_C23,TATAGTGATACTC,C23,three_C57BL/6_mice,,male
PD205_1_scifi_Mouse_LI_CellsMeOH_D01,TCATCAGCGAACC,D01,three_C57BL/6_mice,,male
PD205_1_scifi_Mouse_LI_CellsMeOH_D03,TGCGCCATGGGAC,D03,three_C57BL/6_mice,,male
PD205_1_scifi_Mouse_LI_CellsMeOH_D05,TTGTTGAACTCCC,D05,three_C57BL/6_mice,,male
PD205_1_scifi_Mouse_LI_CellsMeOH_D07,TATATACGCAGTC,D07,three_C57BL/6_mice,,male
PD205_1_scifi_Mouse_LI_CellsMeOH_D09,TCGCACGACGTAC,D09,three_C57BL/6_mice,,male
PD205_1_scifi_Mouse_LI_CellsMeOH_D11,TGGGACAGAAGGC,D11,three_C57BL/6_mice,,male
PD205_1_scifi_Mouse_LI_CellsMeOH_D13,TTTAACAAGTATC,D13,three_C57BL/6_mice,,male
PD205_1_scifi_Mouse_LI_CellsMeOH_D15,TACTCCTGGGTAC,D15,three_C57BL/6_mice,,male
PD205_1_scifi_Mouse_LI_CellsMeOH_D17,TCAGAAAACCCCC,D17,three_C57BL/6_mice,,male
PD205_1_scifi_Mouse_LI_CellsMeOH_D19,TGCACGAGCAGTC,D19,three_C57BL/6_mice,,male
PD205_1_scifi_Mouse_LI_CellsMeOH_D21,TTATTATGCTTCC,D21,three_C57BL/6_mice,,male
PD205_1_scifi_Mouse_LI_CellsMeOH_D23,TAGCGACTGTATC,D23,three_C57BL/6_mice,,male
PD205_1_scifi_Mouse_LI_CellsMeOH_E01,CCCTTGCGACAGC,E01,three_C57BL/6_mice,,male
PD205_1_scifi_Mouse_LI_CellsMeOH_E03,CGTTAGATTGCAC,E03,three_C57BL/6_mice,,male
PD205_1_scifi_Mouse_LI_CellsMeOH_E05,CTAAATACCATCC,E05,three_C57BL/6_mice,,male
PD205_1_scifi_Mouse_LI_CellsMeOH_E07,CATATTTTTTAGC,E07,three_C57BL/6_mice,,male
PD205_1_scifi_Mouse_LI_CellsMeOH_E09,CCCCTAAACGCTC,E09,three_C57BL/6_mice,,male
PD205_1_scifi_Mouse_LI_CellsMeOH_E11,CGATTGTTAGGAC,E11,three_C57BL/6_mice,,male
PD205_1_scifi_Mouse_LI_CellsMeOH_E13,CTACCGAGTCTCC,E13,three_C57BL/6_mice,,male
PD205_1_scifi_Mouse_LI_CellsMeOH_E15,CAGAACAAATTGC,E15,three_C57BL/6_mice,,male
PD205_1_scifi_Mouse_LI_CellsMeOH_E17,CCTTGATCTCATC,E17,three_C57BL/6_mice,,male
PD205_1_scifi_Mouse_LI_CellsMeOH_E19,CGCCACGCGTTAC,E19,three_C57BL/6_mice,,male
PD205_1_scifi_Mouse_LI_CellsMeOH_E21,CTATAGATACGGC,E21,three_C57BL/6_mice,,male
PD205_1_scifi_Mouse_LI_CellsMeOH_E23,CATACCCAGCCAC,E23,three_C57BL/6_mice,,male
PD205_1_scifi_Mouse_LI_CellsMeOH_F01,CCCCGGATGTACC,F01,three_C57BL/6_mice,,male
PD205_1_scifi_Mouse_LI_CellsMeOH_F03,CGATCTCGGCTTC,F03,three_C57BL/6_mice,,male
PD205_1_scifi_Mouse_LI_CellsMeOH_F05,CTAGCCGCTTTGC,F05,three_C57BL/6_mice,,male
PD205_1_scifi_Mouse_LI_CellsMeOH_F07,CCTAAATACAGCC,F07,three_C57BL/6_mice,,male
PD205_1_scifi_Mouse_LI_CellsMeOH_F09,CGGGTTTTACCAG,F09,three_C57BL/6_mice,,male
PD205_1_scifi_Mouse_LI_CellsMeOH_F11,CATATCCATTGCG,F11,three_C57BL/6_mice,,male
PD205_1_scifi_Mouse_LI_CellsMeOH_F13,CCTCCCGAGAGTG,F13,three_C57BL/6_mice,,male
PD205_1_scifi_Mouse_LI_CellsMeOH_F15,CGAATATCTCCGG,F15,three_C57BL/6_mice,,male
PD205_1_scifi_Mouse_LI_CellsMeOH_F17,CTACTAACCCACG,F17,three_C57BL/6_mice,,male
PD205_1_scifi_Mouse_LI_CellsMeOH_F19,CAAATGATACAAG,F19,three_C57BL/6_mice,,male
PD205_1_scifi_Mouse_LI_CellsMeOH_F21,CCCCCATTATTTG,F21,three_C57BL/6_mice,,male
PD205_1_scifi_Mouse_LI_CellsMeOH_F23,CGAGTCGCGACGG,F23,three_C57BL/6_mice,,male
