sample_name,combinatorial_barcode,plate_well,sample_type
PD196-1_cells-vs-nuclei-vs-fixednuclei_A01,AAGTGATTAGCAA,A01,Whole_Cells
PD196-1_cells-vs-nuclei-vs-fixednuclei_A03,AGAATCCCCCTAA,A03,Whole_Cells
PD196-1_cells-vs-nuclei-vs-fixednuclei_A05,ACCTGGGAAACTA,A05,Whole_Cells
PD196-1_cells-vs-nuclei-vs-fixednuclei_A07,ATACCTCCCAGGA,A07,Whole_Cells
PD196-1_cells-vs-nuclei-vs-fixednuclei_A09,AATTTGTGGTATA,A09,Whole_Cells
PD196-1_cells-vs-nuclei-vs-fixednuclei_A11,ACCCGAGAGATCA,A11,Whole_Cells
PD196-1_cells-vs-nuclei-vs-fixednuclei_A13,AGAGTATAGGGTA,A13,Whole_Cells
PD196-1_cells-vs-nuclei-vs-fixednuclei_A15,ATCTTAATTGAGA,A15,Whole_Cells
PD196-1_cells-vs-nuclei-vs-fixednuclei_A17,AACGTTCTGTCGA,A17,Whole_Cells
PD196-1_cells-vs-nuclei-vs-fixednuclei_A19,ACATAATGGCGAA,A19,Whole_Cells
PD196-1_cells-vs-nuclei-vs-fixednuclei_A21,AGGCCGGAACATA,A21,Whole_Cells
PD196-1_cells-vs-nuclei-vs-fixednuclei_A23,ATCACTTCAAGAA,A23,Whole_Cells
PD196-1_cells-vs-nuclei-vs-fixednuclei_B01,AAGCTGGCCTTCA,B01,Whole_Cells
PD196-1_cells-vs-nuclei-vs-fixednuclei_B03,ACTGCACATTGGA,B03,Whole_Cells
PD196-1_cells-vs-nuclei-vs-fixednuclei_B05,AGGTCCTTCGATA,B05,Whole_Cells
PD196-1_cells-vs-nuclei-vs-fixednuclei_B07,ATTCGCACCCGAA,B07,Whole_Cells
PD196-1_cells-vs-nuclei-vs-fixednuclei_B09,ACCGTAAATTACA,B09,Whole_Cells
PD196-1_cells-vs-nuclei-vs-fixednuclei_B11,AGTAGTCGATATA,B11,Whole_Cells
PD196-1_cells-vs-nuclei-vs-fixednuclei_B13,ATGTAAGAATCAA,B13,Whole_Cells
PD196-1_cells-vs-nuclei-vs-fixednuclei_B15,AAGGCCCGCCGTA,B15,Whole_Cells
PD196-1_cells-vs-nuclei-vs-fixednuclei_B17,ACTCCACGCAAGA,B17,Whole_Cells
PD196-1_cells-vs-nuclei-vs-fixednuclei_B19,AGTCTTTGATTAA,B19,Whole_Cells
PD196-1_cells-vs-nuclei-vs-fixednuclei_B21,ATAGAGCCCGCCA,B21,Whole_Cells
PD196-1_cells-vs-nuclei-vs-fixednuclei_B23,AAGAAATGGAGGA,B23,Whole_Cells
PD196-1_cells-vs-nuclei-vs-fixednuclei_C01,TCAGCGCTGGTTA,C01,Fresh_Nuclei
PD196-1_cells-vs-nuclei-vs-fixednuclei_C03,TGTTGACGAATAA,C03,Fresh_Nuclei
PD196-1_cells-vs-nuclei-vs-fixednuclei_C05,TTGCATCAGCGCA,C05,Fresh_Nuclei
PD196-1_cells-vs-nuclei-vs-fixednuclei_C07,TAGCCATATGAGA,C07,Fresh_Nuclei
PD196-1_cells-vs-nuclei-vs-fixednuclei_C09,TCCTGCCCCTGTA,C09,Fresh_Nuclei
PD196-1_cells-vs-nuclei-vs-fixednuclei_C11,TGGTATAAAACCA,C11,Fresh_Nuclei
PD196-1_cells-vs-nuclei-vs-fixednuclei_C13,TTAAAGTCATGCA,C13,Fresh_Nuclei
PD196-1_cells-vs-nuclei-vs-fixednuclei_C15,TAGAACTCAGAAA,C15,Fresh_Nuclei
PD196-1_cells-vs-nuclei-vs-fixednuclei_C17,TCAGCTTAATCGC,C17,Fresh_Nuclei
PD196-1_cells-vs-nuclei-vs-fixednuclei_C19,TGGCTTAAGAGAC,C19,Fresh_Nuclei
PD196-1_cells-vs-nuclei-vs-fixednuclei_C21,TTCACCTGTCGGC,C21,Fresh_Nuclei
PD196-1_cells-vs-nuclei-vs-fixednuclei_C23,TATAGTGATACTC,C23,Fresh_Nuclei
PD196-1_cells-vs-nuclei-vs-fixednuclei_D01,TCATCAGCGAACC,D01,Fresh_Nuclei
PD196-1_cells-vs-nuclei-vs-fixednuclei_D03,TGCGCCATGGGAC,D03,Fresh_Nuclei
PD196-1_cells-vs-nuclei-vs-fixednuclei_D05,TTGTTGAACTCCC,D05,Fresh_Nuclei
PD196-1_cells-vs-nuclei-vs-fixednuclei_D07,TATATACGCAGTC,D07,Fresh_Nuclei
PD196-1_cells-vs-nuclei-vs-fixednuclei_D09,TCGCACGACGTAC,D09,Fresh_Nuclei
PD196-1_cells-vs-nuclei-vs-fixednuclei_D11,TGGGACAGAAGGC,D11,Fresh_Nuclei
PD196-1_cells-vs-nuclei-vs-fixednuclei_D13,TTTAACAAGTATC,D13,Fresh_Nuclei
PD196-1_cells-vs-nuclei-vs-fixednuclei_D15,TACTCCTGGGTAC,D15,Fresh_Nuclei
PD196-1_cells-vs-nuclei-vs-fixednuclei_D17,TCAGAAAACCCCC,D17,Fresh_Nuclei
PD196-1_cells-vs-nuclei-vs-fixednuclei_D19,TGCACGAGCAGTC,D19,Fresh_Nuclei
PD196-1_cells-vs-nuclei-vs-fixednuclei_D21,TTATTATGCTTCC,D21,Fresh_Nuclei
PD196-1_cells-vs-nuclei-vs-fixednuclei_D23,TAGCGACTGTATC,D23,Fresh_Nuclei
PD196-1_cells-vs-nuclei-vs-fixednuclei_E01,CCCTTGCGACAGC,E01,Fixed_Nuclei_1FA
PD196-1_cells-vs-nuclei-vs-fixednuclei_E03,CGTTAGATTGCAC,E03,Fixed_Nuclei_1FA
PD196-1_cells-vs-nuclei-vs-fixednuclei_E05,CTAAATACCATCC,E05,Fixed_Nuclei_1FA
PD196-1_cells-vs-nuclei-vs-fixednuclei_E07,CATATTTTTTAGC,E07,Fixed_Nuclei_1FA
PD196-1_cells-vs-nuclei-vs-fixednuclei_E09,CCCCTAAACGCTC,E09,Fixed_Nuclei_1FA
PD196-1_cells-vs-nuclei-vs-fixednuclei_E11,CGATTGTTAGGAC,E11,Fixed_Nuclei_1FA
PD196-1_cells-vs-nuclei-vs-fixednuclei_E13,CTACCGAGTCTCC,E13,Fixed_Nuclei_1FA
PD196-1_cells-vs-nuclei-vs-fixednuclei_E15,CAGAACAAATTGC,E15,Fixed_Nuclei_1FA
PD196-1_cells-vs-nuclei-vs-fixednuclei_E17,CCTTGATCTCATC,E17,Fixed_Nuclei_1FA
PD196-1_cells-vs-nuclei-vs-fixednuclei_E19,CGCCACGCGTTAC,E19,Fixed_Nuclei_1FA
PD196-1_cells-vs-nuclei-vs-fixednuclei_E21,CTATAGATACGGC,E21,Fixed_Nuclei_1FA
PD196-1_cells-vs-nuclei-vs-fixednuclei_E23,CATACCCAGCCAC,E23,Fixed_Nuclei_1FA
PD196-1_cells-vs-nuclei-vs-fixednuclei_F01,CCCCGGATGTACC,F01,Fixed_Nuclei_1FA
PD196-1_cells-vs-nuclei-vs-fixednuclei_F03,CGATCTCGGCTTC,F03,Fixed_Nuclei_1FA
PD196-1_cells-vs-nuclei-vs-fixednuclei_F05,CTAGCCGCTTTGC,F05,Fixed_Nuclei_1FA
PD196-1_cells-vs-nuclei-vs-fixednuclei_F07,CCTAAATACAGCC,F07,Fixed_Nuclei_1FA
PD196-1_cells-vs-nuclei-vs-fixednuclei_F09,CGGGTTTTACCAG,F09,Fixed_Nuclei_1FA
PD196-1_cells-vs-nuclei-vs-fixednuclei_F11,CATATCCATTGCG,F11,Fixed_Nuclei_1FA
PD196-1_cells-vs-nuclei-vs-fixednuclei_F13,CCTCCCGAGAGTG,F13,Fixed_Nuclei_1FA
PD196-1_cells-vs-nuclei-vs-fixednuclei_F15,CGAATATCTCCGG,F15,Fixed_Nuclei_1FA
PD196-1_cells-vs-nuclei-vs-fixednuclei_F17,CTACTAACCCACG,F17,Fixed_Nuclei_1FA
PD196-1_cells-vs-nuclei-vs-fixednuclei_F19,CAAATGATACAAG,F19,Fixed_Nuclei_1FA
PD196-1_cells-vs-nuclei-vs-fixednuclei_F21,CCCCCATTATTTG,F21,Fixed_Nuclei_1FA
PD196-1_cells-vs-nuclei-vs-fixednuclei_F23,CGAGTCGCGACGG,F23,Fixed_Nuclei_1FA
PD196-1_cells-vs-nuclei-vs-fixednuclei_G01,GTGGTTGTGGCCG,G01,Fixed_Nuclei_4FA
PD196-1_cells-vs-nuclei-vs-fixednuclei_G03,GATTCAAGGAAAG,G03,Fixed_Nuclei_4FA
PD196-1_cells-vs-nuclei-vs-fixednuclei_G05,GCCAAGATCTGGG,G05,Fixed_Nuclei_4FA
PD196-1_cells-vs-nuclei-vs-fixednuclei_G07,GATACTGTATCAG,G07,Fixed_Nuclei_4FA
PD196-1_cells-vs-nuclei-vs-fixednuclei_G09,GCCGATTCGTGCG,G09,Fixed_Nuclei_4FA
PD196-1_cells-vs-nuclei-vs-fixednuclei_G11,GTGACAACGCTGG,G11,Fixed_Nuclei_4FA
PD196-1_cells-vs-nuclei-vs-fixednuclei_G13,GGGCTGTCTTATG,G13,Fixed_Nuclei_4FA
PD196-1_cells-vs-nuclei-vs-fixednuclei_G15,GACCCTGGCCTGG,G15,Fixed_Nuclei_4FA
PD196-1_cells-vs-nuclei-vs-fixednuclei_G17,GCGTACGCTTATG,G17,Fixed_Nuclei_4FA
PD196-1_cells-vs-nuclei-vs-fixednuclei_G19,GTTGCACTTAATG,G19,Fixed_Nuclei_4FA
PD196-1_cells-vs-nuclei-vs-fixednuclei_G21,GGACAAAGAGAAG,G21,Fixed_Nuclei_4FA
PD196-1_cells-vs-nuclei-vs-fixednuclei_G23,GAACCACAGCACG,G23,Fixed_Nuclei_4FA
PD196-1_cells-vs-nuclei-vs-fixednuclei_H01,GCTTATCTAGAGG,H01,Fixed_Nuclei_4FA
PD196-1_cells-vs-nuclei-vs-fixednuclei_H03,GTAATGTGGTCAG,H03,Fixed_Nuclei_4FA
PD196-1_cells-vs-nuclei-vs-fixednuclei_H05,GGCGCGCGAGCTG,H05,Fixed_Nuclei_4FA
PD196-1_cells-vs-nuclei-vs-fixednuclei_H07,GTCCATGTGTGTG,H07,Fixed_Nuclei_4FA
PD196-1_cells-vs-nuclei-vs-fixednuclei_H09,GGGAGGAATCCAG,H09,Fixed_Nuclei_4FA
PD196-1_cells-vs-nuclei-vs-fixednuclei_H11,GATCAAAATAGGG,H11,Fixed_Nuclei_4FA
PD196-1_cells-vs-nuclei-vs-fixednuclei_H13,GCAAGACTGCCAG,H13,Fixed_Nuclei_4FA
PD196-1_cells-vs-nuclei-vs-fixednuclei_H15,GTAGGATGGACCG,H15,Fixed_Nuclei_4FA
PD196-1_cells-vs-nuclei-vs-fixednuclei_H17,GGATCGGACCTAG,H17,Fixed_Nuclei_4FA
PD196-1_cells-vs-nuclei-vs-fixednuclei_H19,GCCCAAAGGAATG,H19,Fixed_Nuclei_4FA
PD196-1_cells-vs-nuclei-vs-fixednuclei_H21,GTACCTAACGCAG,H21,Fixed_Nuclei_4FA
PD196-1_cells-vs-nuclei-vs-fixednuclei_H23,GGTCAGGTTCAGG,H23,Fixed_Nuclei_4FA
