sample_name,combinatorial_barcode,plate_well
PD193-3_i7-7_human-mouse_765k_gRNA_A01,AAGTGATTAGCAA,A01
PD193-3_i7-7_human-mouse_765k_gRNA_A03,AGAATCCCCCTAA,A03
PD193-3_i7-7_human-mouse_765k_gRNA_A05,ACCTGGGAAACTA,A05
PD193-3_i7-7_human-mouse_765k_gRNA_A07,ATACCTCCCAGGA,A07
PD193-3_i7-7_human-mouse_765k_gRNA_A09,AATTTGTGGTATA,A09
PD193-3_i7-7_human-mouse_765k_gRNA_A11,ACCCGAGAGATCA,A11
PD193-3_i7-7_human-mouse_765k_gRNA_A13,AGAGTATAGGGTA,A13
PD193-3_i7-7_human-mouse_765k_gRNA_A15,ATCTTAATTGAGA,A15
PD193-3_i7-7_human-mouse_765k_gRNA_A17,AACGTTCTGTCGA,A17
PD193-3_i7-7_human-mouse_765k_gRNA_A19,ACATAATGGCGAA,A19
PD193-3_i7-7_human-mouse_765k_gRNA_A21,AGGCCGGAACATA,A21
PD193-3_i7-7_human-mouse_765k_gRNA_A23,ATCACTTCAAGAA,A23
PD193-3_i7-7_human-mouse_765k_gRNA_B01,AAGCTGGCCTTCA,B01
PD193-3_i7-7_human-mouse_765k_gRNA_B03,ACTGCACATTGGA,B03
PD193-3_i7-7_human-mouse_765k_gRNA_B05,AGGTCCTTCGATA,B05
PD193-3_i7-7_human-mouse_765k_gRNA_B07,ATTCGCACCCGAA,B07
PD193-3_i7-7_human-mouse_765k_gRNA_B09,ACCGTAAATTACA,B09
PD193-3_i7-7_human-mouse_765k_gRNA_B11,AGTAGTCGATATA,B11
PD193-3_i7-7_human-mouse_765k_gRNA_B13,ATGTAAGAATCAA,B13
PD193-3_i7-7_human-mouse_765k_gRNA_B15,AAGGCCCGCCGTA,B15
PD193-3_i7-7_human-mouse_765k_gRNA_B17,ACTCCACGCAAGA,B17
PD193-3_i7-7_human-mouse_765k_gRNA_B19,AGTCTTTGATTAA,B19
PD193-3_i7-7_human-mouse_765k_gRNA_B21,ATAGAGCCCGCCA,B21
PD193-3_i7-7_human-mouse_765k_gRNA_B23,AAGAAATGGAGGA,B23
PD193-3_i7-7_human-mouse_765k_gRNA_C01,TCAGCGCTGGTTA,C01
PD193-3_i7-7_human-mouse_765k_gRNA_C03,TGTTGACGAATAA,C03
PD193-3_i7-7_human-mouse_765k_gRNA_C05,TTGCATCAGCGCA,C05
PD193-3_i7-7_human-mouse_765k_gRNA_C07,TAGCCATATGAGA,C07
PD193-3_i7-7_human-mouse_765k_gRNA_C09,TCCTGCCCCTGTA,C09
PD193-3_i7-7_human-mouse_765k_gRNA_C11,TGGTATAAAACCA,C11
PD193-3_i7-7_human-mouse_765k_gRNA_C13,TTAAAGTCATGCA,C13
PD193-3_i7-7_human-mouse_765k_gRNA_C15,TAGAACTCAGAAA,C15
PD193-3_i7-7_human-mouse_765k_gRNA_C17,TCAGCTTAATCGC,C17
PD193-3_i7-7_human-mouse_765k_gRNA_C19,TGGCTTAAGAGAC,C19
PD193-3_i7-7_human-mouse_765k_gRNA_C21,TTCACCTGTCGGC,C21
PD193-3_i7-7_human-mouse_765k_gRNA_C23,TATAGTGATACTC,C23
PD193-3_i7-7_human-mouse_765k_gRNA_D01,TCATCAGCGAACC,D01
PD193-3_i7-7_human-mouse_765k_gRNA_D03,TGCGCCATGGGAC,D03
PD193-3_i7-7_human-mouse_765k_gRNA_D05,TTGTTGAACTCCC,D05
PD193-3_i7-7_human-mouse_765k_gRNA_D07,TATATACGCAGTC,D07
PD193-3_i7-7_human-mouse_765k_gRNA_D09,TCGCACGACGTAC,D09
PD193-3_i7-7_human-mouse_765k_gRNA_D11,TGGGACAGAAGGC,D11
PD193-3_i7-7_human-mouse_765k_gRNA_D13,TTTAACAAGTATC,D13
PD193-3_i7-7_human-mouse_765k_gRNA_D15,TACTCCTGGGTAC,D15
PD193-3_i7-7_human-mouse_765k_gRNA_D17,TCAGAAAACCCCC,D17
PD193-3_i7-7_human-mouse_765k_gRNA_D19,TGCACGAGCAGTC,D19
PD193-3_i7-7_human-mouse_765k_gRNA_D21,TTATTATGCTTCC,D21
PD193-3_i7-7_human-mouse_765k_gRNA_D23,TAGCGACTGTATC,D23
PD193-3_i7-7_human-mouse_765k_gRNA_E01,CCCTTGCGACAGC,E01
PD193-3_i7-7_human-mouse_765k_gRNA_E03,CGTTAGATTGCAC,E03
PD193-3_i7-7_human-mouse_765k_gRNA_E05,CTAAATACCATCC,E05
PD193-3_i7-7_human-mouse_765k_gRNA_E07,CATATTTTTTAGC,E07
PD193-3_i7-7_human-mouse_765k_gRNA_E09,CCCCTAAACGCTC,E09
PD193-3_i7-7_human-mouse_765k_gRNA_E11,CGATTGTTAGGAC,E11
PD193-3_i7-7_human-mouse_765k_gRNA_E13,CTACCGAGTCTCC,E13
PD193-3_i7-7_human-mouse_765k_gRNA_E15,CAGAACAAATTGC,E15
PD193-3_i7-7_human-mouse_765k_gRNA_E17,CCTTGATCTCATC,E17
PD193-3_i7-7_human-mouse_765k_gRNA_E19,CGCCACGCGTTAC,E19
PD193-3_i7-7_human-mouse_765k_gRNA_E21,CTATAGATACGGC,E21
PD193-3_i7-7_human-mouse_765k_gRNA_E23,CATACCCAGCCAC,E23
PD193-3_i7-7_human-mouse_765k_gRNA_F01,CCCCGGATGTACC,F01
PD193-3_i7-7_human-mouse_765k_gRNA_F03,CGATCTCGGCTTC,F03
PD193-3_i7-7_human-mouse_765k_gRNA_F05,CTAGCCGCTTTGC,F05
PD193-3_i7-7_human-mouse_765k_gRNA_F07,CCTAAATACAGCC,F07
PD193-3_i7-7_human-mouse_765k_gRNA_F09,CGGGTTTTACCAG,F09
PD193-3_i7-7_human-mouse_765k_gRNA_F11,CATATCCATTGCG,F11
PD193-3_i7-7_human-mouse_765k_gRNA_F13,CCTCCCGAGAGTG,F13
PD193-3_i7-7_human-mouse_765k_gRNA_F15,CGAATATCTCCGG,F15
PD193-3_i7-7_human-mouse_765k_gRNA_F17,CTACTAACCCACG,F17
PD193-3_i7-7_human-mouse_765k_gRNA_F19,CAAATGATACAAG,F19
PD193-3_i7-7_human-mouse_765k_gRNA_F21,CCCCCATTATTTG,F21
PD193-3_i7-7_human-mouse_765k_gRNA_F23,CGAGTCGCGACGG,F23
PD193-3_i7-7_human-mouse_765k_gRNA_G01,GTGGTTGTGGCCG,G01
PD193-3_i7-7_human-mouse_765k_gRNA_G03,GATTCAAGGAAAG,G03
PD193-3_i7-7_human-mouse_765k_gRNA_G05,GCCAAGATCTGGG,G05
PD193-3_i7-7_human-mouse_765k_gRNA_G07,GATACTGTATCAG,G07
PD193-3_i7-7_human-mouse_765k_gRNA_G09,GCCGATTCGTGCG,G09
PD193-3_i7-7_human-mouse_765k_gRNA_G11,GTGACAACGCTGG,G11
PD193-3_i7-7_human-mouse_765k_gRNA_G13,GGGCTGTCTTATG,G13
PD193-3_i7-7_human-mouse_765k_gRNA_G15,GACCCTGGCCTGG,G15
PD193-3_i7-7_human-mouse_765k_gRNA_G17,GCGTACGCTTATG,G17
PD193-3_i7-7_human-mouse_765k_gRNA_G19,GTTGCACTTAATG,G19
PD193-3_i7-7_human-mouse_765k_gRNA_G21,GGACAAAGAGAAG,G21
PD193-3_i7-7_human-mouse_765k_gRNA_G23,GAACCACAGCACG,G23
PD193-3_i7-7_human-mouse_765k_gRNA_H01,GCTTATCTAGAGG,H01
PD193-3_i7-7_human-mouse_765k_gRNA_H03,GTAATGTGGTCAG,H03
PD193-3_i7-7_human-mouse_765k_gRNA_H05,GGCGCGCGAGCTG,H05
PD193-3_i7-7_human-mouse_765k_gRNA_H07,GTCCATGTGTGTG,H07
PD193-3_i7-7_human-mouse_765k_gRNA_H09,GGGAGGAATCCAG,H09
PD193-3_i7-7_human-mouse_765k_gRNA_H11,GATCAAAATAGGG,H11
PD193-3_i7-7_human-mouse_765k_gRNA_H13,GCAAGACTGCCAG,H13
PD193-3_i7-7_human-mouse_765k_gRNA_H15,GTAGGATGGACCG,H15
PD193-3_i7-7_human-mouse_765k_gRNA_H17,GGATCGGACCTAG,H17
PD193-3_i7-7_human-mouse_765k_gRNA_H19,GCCCAAAGGAATG,H19
PD193-3_i7-7_human-mouse_765k_gRNA_H21,GTACCTAACGCAG,H21
PD193-3_i7-7_human-mouse_765k_gRNA_H23,GGTCAGGTTCAGG,H23
PD193-3_i7-7_human-mouse_765k_gRNA_A02,AACCTCCAACCCA,A02
PD193-3_i7-7_human-mouse_765k_gRNA_A04,ACGTTTCAGCCAA,A04
PD193-3_i7-7_human-mouse_765k_gRNA_A06,ATAAGGTTAGATA,A06
PD193-3_i7-7_human-mouse_765k_gRNA_A08,AATATACCAGACA,A08
PD193-3_i7-7_human-mouse_765k_gRNA_A10,AGGAGAGACTGTA,A10
PD193-3_i7-7_human-mouse_765k_gRNA_A12,ACTCATCTTAGCA,A12
PD193-3_i7-7_human-mouse_765k_gRNA_A14,AAATTTGGCCGTA,A14
PD193-3_i7-7_human-mouse_765k_gRNA_A16,ATTAAGGAAGTAA,A16
PD193-3_i7-7_human-mouse_765k_gRNA_A18,AACCGATCCAGAA,A18
PD193-3_i7-7_human-mouse_765k_gRNA_A20,ACAACGGGACTGA,A20
PD193-3_i7-7_human-mouse_765k_gRNA_A22,ATCCAGTACAACA,A22
PD193-3_i7-7_human-mouse_765k_gRNA_A24,AGAGGACGATGCA,A24
PD193-3_i7-7_human-mouse_765k_gRNA_B02,AAAGGGTCGCTTA,B02
PD193-3_i7-7_human-mouse_765k_gRNA_B04,ACCCATGTAGCAA,B04
PD193-3_i7-7_human-mouse_765k_gRNA_B06,AGTGAAGTGGACA,B06
PD193-3_i7-7_human-mouse_765k_gRNA_B08,ATAATAATTACAA,B08
PD193-3_i7-7_human-mouse_765k_gRNA_B10,AGCTGTAACGTGA,B10
PD193-3_i7-7_human-mouse_765k_gRNA_B12,AAAAAGCTGCGTA,B12
PD193-3_i7-7_human-mouse_765k_gRNA_B14,ACGCGCAAACAGA,B14
PD193-3_i7-7_human-mouse_765k_gRNA_B16,ATAATTTTCCCCA,B16
PD193-3_i7-7_human-mouse_765k_gRNA_B18,AGGATACTGGTTA,B18
PD193-3_i7-7_human-mouse_765k_gRNA_B20,AAGGGGGAAGCGA,B20
PD193-3_i7-7_human-mouse_765k_gRNA_B22,ACAACGCCAAAAA,B22
PD193-3_i7-7_human-mouse_765k_gRNA_B24,AACGAAGCCTGTA,B24
PD193-3_i7-7_human-mouse_765k_gRNA_C02,TTACGTTGCCAGA,C02
PD193-3_i7-7_human-mouse_765k_gRNA_C04,TAATTAACTTATA,C04
PD193-3_i7-7_human-mouse_765k_gRNA_C06,TCTCGGTATGGGA,C06
PD193-3_i7-7_human-mouse_765k_gRNA_C08,TTCGTGTGAATTA,C08
PD193-3_i7-7_human-mouse_765k_gRNA_C10,TATAATTAGTTCA,C10
PD193-3_i7-7_human-mouse_765k_gRNA_C12,TGGCTAATTCCTA,C12
PD193-3_i7-7_human-mouse_765k_gRNA_C14,TAGAAGGTCGTGA,C14
PD193-3_i7-7_human-mouse_765k_gRNA_C16,TCGTGAGGGGGTA,C16
PD193-3_i7-7_human-mouse_765k_gRNA_C18,TTAGGCTAAAGGC,C18
PD193-3_i7-7_human-mouse_765k_gRNA_C20,TGAAGTGGCTTCC,C20
PD193-3_i7-7_human-mouse_765k_gRNA_C22,TATCGCATAGCGC,C22
PD193-3_i7-7_human-mouse_765k_gRNA_C24,TCTCCTAAGCTCC,C24
PD193-3_i7-7_human-mouse_765k_gRNA_D02,TAAATCATGATTC,D02
PD193-3_i7-7_human-mouse_765k_gRNA_D04,TCGCATACGGAAC,D04
PD193-3_i7-7_human-mouse_765k_gRNA_D06,TTGCAGCCACAGC,D06
PD193-3_i7-7_human-mouse_765k_gRNA_D08,TACCTGGTGCTTC,D08
PD193-3_i7-7_human-mouse_765k_gRNA_D10,TGTTTTCATAAGC,D10
PD193-3_i7-7_human-mouse_765k_gRNA_D12,TAAACTGAGATGC,D12
PD193-3_i7-7_human-mouse_765k_gRNA_D14,TCAGTGCGCTGTC,D14
PD193-3_i7-7_human-mouse_765k_gRNA_D16,TTGAGTGGGCCAC,D16
PD193-3_i7-7_human-mouse_765k_gRNA_D18,TATTCTCTCAACC,D18
PD193-3_i7-7_human-mouse_765k_gRNA_D20,TCCTCCTTTACGC,D20
PD193-3_i7-7_human-mouse_765k_gRNA_D22,TAGAGAACTTTAC,D22
PD193-3_i7-7_human-mouse_765k_gRNA_D24,TTACTACCAGGTC,D24
PD193-3_i7-7_human-mouse_765k_gRNA_E02,CATTGCTACATCC,E02
PD193-3_i7-7_human-mouse_765k_gRNA_E04,CGGAGTCACACGC,E04
PD193-3_i7-7_human-mouse_765k_gRNA_E06,CCGGTGGAGCTCC,E06
PD193-3_i7-7_human-mouse_765k_gRNA_E08,CTTCGGCCCAATC,E08
PD193-3_i7-7_human-mouse_765k_gRNA_E10,CACGAGACACCCC,E10
PD193-3_i7-7_human-mouse_765k_gRNA_E12,CGTCTAGACAAAC,E12
PD193-3_i7-7_human-mouse_765k_gRNA_E14,CACCGTACGTTGC,E14
PD193-3_i7-7_human-mouse_765k_gRNA_E16,CCTAACCCTCTCC,E16
PD193-3_i7-7_human-mouse_765k_gRNA_E18,CTAGATTTAACTC,E18
PD193-3_i7-7_human-mouse_765k_gRNA_E20,CAGATTAGAGTAC,E20
PD193-3_i7-7_human-mouse_765k_gRNA_E22,CGGGACGTTTTCC,E22
PD193-3_i7-7_human-mouse_765k_gRNA_E24,CTATACCAAGAAC,E24
PD193-3_i7-7_human-mouse_765k_gRNA_F02,CCGGCGAGCCAGC,F02
PD193-3_i7-7_human-mouse_765k_gRNA_F04,CATTTGAAAACGC,F04
PD193-3_i7-7_human-mouse_765k_gRNA_F06,CCCCTTTCTGGAC,F06
PD193-3_i7-7_human-mouse_765k_gRNA_F08,CTGACTGCAGCGC,F08
PD193-3_i7-7_human-mouse_765k_gRNA_F10,CACGATCAAGTTG,F10
PD193-3_i7-7_human-mouse_765k_gRNA_F12,CGAAATGCTGACG,F12
PD193-3_i7-7_human-mouse_765k_gRNA_F14,CGCTACCTGAAGG,F14
PD193-3_i7-7_human-mouse_765k_gRNA_F16,CAGGAACTACACG,F16
PD193-3_i7-7_human-mouse_765k_gRNA_F18,CTCGGCCGGTCAG,F18
PD193-3_i7-7_human-mouse_765k_gRNA_F20,CTTTTCCAGCGTG,F20
PD193-3_i7-7_human-mouse_765k_gRNA_F22,CAATCGTAGCCGG,F22
PD193-3_i7-7_human-mouse_765k_gRNA_F24,CGTAAACTACGAG,F24
PD193-3_i7-7_human-mouse_765k_gRNA_G02,GACGAGTATCTGG,G02
PD193-3_i7-7_human-mouse_765k_gRNA_G04,GCAAAGGGTGGTG,G04
PD193-3_i7-7_human-mouse_765k_gRNA_G06,GTAGGTGAGAAAG,G06
PD193-3_i7-7_human-mouse_765k_gRNA_G08,GAGCGGATTAGTG,G08
PD193-3_i7-7_human-mouse_765k_gRNA_G10,GGTTTGTATGTCG,G10
PD193-3_i7-7_human-mouse_765k_gRNA_G12,GAACACATCTGAG,G12
PD193-3_i7-7_human-mouse_765k_gRNA_G14,GCTACCAATGACG,G14
PD193-3_i7-7_human-mouse_765k_gRNA_G16,GTGAGGGCTCGGG,G16
PD193-3_i7-7_human-mouse_765k_gRNA_G18,GAAATGTGTCGCG,G18
PD193-3_i7-7_human-mouse_765k_gRNA_G20,GGCCCACACCGGG,G20
PD193-3_i7-7_human-mouse_765k_gRNA_G22,GCCGGTAGCTCCG,G22
PD193-3_i7-7_human-mouse_765k_gRNA_G24,GAAGAATTATGGG,G24
PD193-3_i7-7_human-mouse_765k_gRNA_H02,GTCTCGTCATATG,H02
PD193-3_i7-7_human-mouse_765k_gRNA_H04,GGACTTTTGGTCG,H04
PD193-3_i7-7_human-mouse_765k_gRNA_H06,GATTTCGTTCCAG,H06
PD193-3_i7-7_human-mouse_765k_gRNA_H08,GTCCCGGAGCCAG,H08
PD193-3_i7-7_human-mouse_765k_gRNA_H10,GGGGGGCCGGACG,H10
PD193-3_i7-7_human-mouse_765k_gRNA_H12,GACTACGTTTGGG,H12
PD193-3_i7-7_human-mouse_765k_gRNA_H14,GCTTTAATCTAAG,H14
PD193-3_i7-7_human-mouse_765k_gRNA_H16,GAGGCAAAAATCG,H16
PD193-3_i7-7_human-mouse_765k_gRNA_H18,GTTTGATTCTCGG,H18
PD193-3_i7-7_human-mouse_765k_gRNA_H20,GAGGGACATCGAG,H20
PD193-3_i7-7_human-mouse_765k_gRNA_H22,GGATCCTTACCCG,H22
PD193-3_i7-7_human-mouse_765k_gRNA_H24,GCGATCCTCGCGG,H24
PD193-3_i7-7_human-mouse_765k_gRNA_I01,ATATTGGCACTTA,I01
PD193-3_i7-7_human-mouse_765k_gRNA_I03,AAAAGAATCGCCA,I03
PD193-3_i7-7_human-mouse_765k_gRNA_I05,AGGAAGCCCATTA,I05
PD193-3_i7-7_human-mouse_765k_gRNA_I07,ACCCCTTCGCAGA,I07
PD193-3_i7-7_human-mouse_765k_gRNA_I09,ATGTCTATTCACA,I09
PD193-3_i7-7_human-mouse_765k_gRNA_I11,AGAACGCTTTGAA,I11
PD193-3_i7-7_human-mouse_765k_gRNA_I13,AAGGGACCCACCA,I13
PD193-3_i7-7_human-mouse_765k_gRNA_I15,ACACATCGTTTTA,I15
PD193-3_i7-7_human-mouse_765k_gRNA_I17,AATGGTTCTCCGA,I17
PD193-3_i7-7_human-mouse_765k_gRNA_I19,ATGCCGCTGAAAA,I19
PD193-3_i7-7_human-mouse_765k_gRNA_I21,AAACACTCTAGTA,I21
PD193-3_i7-7_human-mouse_765k_gRNA_I23,ATCCTCGGGGTCA,I23
PD193-3_i7-7_human-mouse_765k_gRNA_J01,AAGAATCGCTAGA,J01
PD193-3_i7-7_human-mouse_765k_gRNA_J03,AGAAGTCAGGTAA,J03
PD193-3_i7-7_human-mouse_765k_gRNA_J05,ACGCGGCTCATCA,J05
PD193-3_i7-7_human-mouse_765k_gRNA_J07,AAACCCAAATATA,J07
PD193-3_i7-7_human-mouse_765k_gRNA_J09,ATCTCAGAACTGA,J09
PD193-3_i7-7_human-mouse_765k_gRNA_J11,AGCAATTAGGAGA,J11
PD193-3_i7-7_human-mouse_765k_gRNA_J13,AAGTAAACGCGTA,J13
PD193-3_i7-7_human-mouse_765k_gRNA_J15,ACATACAGCATGA,J15
PD193-3_i7-7_human-mouse_765k_gRNA_J17,AACGCAGAGAGAA,J17
PD193-3_i7-7_human-mouse_765k_gRNA_J19,ATGACGCGATTTA,J19
PD193-3_i7-7_human-mouse_765k_gRNA_J21,AAACATTCACCAA,J21
PD193-3_i7-7_human-mouse_765k_gRNA_J23,AGGCCTCATATTA,J23
PD193-3_i7-7_human-mouse_765k_gRNA_K01,TGACGCTCACTGA,K01
PD193-3_i7-7_human-mouse_765k_gRNA_K03,TCCGGGCGGAGCA,K03
PD193-3_i7-7_human-mouse_765k_gRNA_K05,TTTCCCGTTTAAA,K05
PD193-3_i7-7_human-mouse_765k_gRNA_K07,TGTAACTGAGTGA,K07
PD193-3_i7-7_human-mouse_765k_gRNA_K09,TAACCTATGCCTA,K09
PD193-3_i7-7_human-mouse_765k_gRNA_K11,TCCAAAGAACATA,K11
PD193-3_i7-7_human-mouse_765k_gRNA_K13,TTCTCGGGTGACA,K13
PD193-3_i7-7_human-mouse_765k_gRNA_K15,TGGTGTTGTTTTA,K15
PD193-3_i7-7_human-mouse_765k_gRNA_K17,TAACCCGTAGTAC,K17
PD193-3_i7-7_human-mouse_765k_gRNA_K19,TCTGCCTACTAAC,K19
PD193-3_i7-7_human-mouse_765k_gRNA_K21,TTCAGTATTTATC,K21
PD193-3_i7-7_human-mouse_765k_gRNA_K23,TGCTAGGGAAAAC,K23
PD193-3_i7-7_human-mouse_765k_gRNA_L01,TAGTTACGAGGGC,L01
PD193-3_i7-7_human-mouse_765k_gRNA_L03,TCGACCTAGGTTC,L03
PD193-3_i7-7_human-mouse_765k_gRNA_L05,TGCCTCGATAGGC,L05
PD193-3_i7-7_human-mouse_765k_gRNA_L07,TATTAGTCAAACC,L07
PD193-3_i7-7_human-mouse_765k_gRNA_L09,TCTTACTGAACTC,L09
PD193-3_i7-7_human-mouse_765k_gRNA_L11,TTCAATTGTGCAC,L11
PD193-3_i7-7_human-mouse_765k_gRNA_L13,TGTACATGTCACC,L13
PD193-3_i7-7_human-mouse_765k_gRNA_L15,TACGTATCATTAC,L15
PD193-3_i7-7_human-mouse_765k_gRNA_L17,TCATGGACTCTGC,L17
PD193-3_i7-7_human-mouse_765k_gRNA_L19,TTCATGCTCCATC,L19
PD193-3_i7-7_human-mouse_765k_gRNA_L21,TGCTAACTCTGCC,L21
PD193-3_i7-7_human-mouse_765k_gRNA_L23,TCCCTACTTCAAC,L23
PD193-3_i7-7_human-mouse_765k_gRNA_M01,CAGTACTACGCGC,M01
PD193-3_i7-7_human-mouse_765k_gRNA_M03,CTCACCGGCTATC,M03
PD193-3_i7-7_human-mouse_765k_gRNA_M05,CACTATTTAATAC,M05
PD193-3_i7-7_human-mouse_765k_gRNA_M07,CCGGACTTGCTGC,M07
PD193-3_i7-7_human-mouse_765k_gRNA_M09,CTCACATCTTCCC,M09
PD193-3_i7-7_human-mouse_765k_gRNA_M11,CGACCACCTGTAC,M11
PD193-3_i7-7_human-mouse_765k_gRNA_M13,CATCAATCCCAGC,M13
PD193-3_i7-7_human-mouse_765k_gRNA_M15,CCCAAGCAGGCCC,M15
PD193-3_i7-7_human-mouse_765k_gRNA_M17,CTGTGCATAGTTC,M17
PD193-3_i7-7_human-mouse_765k_gRNA_M19,CAACGCAGTCCAC,M19
PD193-3_i7-7_human-mouse_765k_gRNA_M21,CGCGTTGGTAATC,M21
PD193-3_i7-7_human-mouse_765k_gRNA_M23,CCTTCAGTAGGAC,M23
PD193-3_i7-7_human-mouse_765k_gRNA_N01,CTAGCCTTCTGTC,N01
PD193-3_i7-7_human-mouse_765k_gRNA_N03,CGTCCCACGAAGC,N03
PD193-3_i7-7_human-mouse_765k_gRNA_N05,CTAGTTCCTATTC,N05
PD193-3_i7-7_human-mouse_765k_gRNA_N07,CCCCAACCGGTGC,N07
PD193-3_i7-7_human-mouse_765k_gRNA_N09,CTCTTAAAGATTG,N09
PD193-3_i7-7_human-mouse_765k_gRNA_N11,CGGTCTCCTTGCG,N11
PD193-3_i7-7_human-mouse_765k_gRNA_N13,CAATGAGCAGAGG,N13
PD193-3_i7-7_human-mouse_765k_gRNA_N15,CCATATTCCCTTG,N15
PD193-3_i7-7_human-mouse_765k_gRNA_N17,CTGTTACCCGTAG,N17
PD193-3_i7-7_human-mouse_765k_gRNA_N19,CGATAATTTTCTG,N19
PD193-3_i7-7_human-mouse_765k_gRNA_N21,CAACCTTGAGGGG,N21
PD193-3_i7-7_human-mouse_765k_gRNA_N23,CCGATAAAACGCG,N23
PD193-3_i7-7_human-mouse_765k_gRNA_O01,GCCTAGAGAGTTG,O01
PD193-3_i7-7_human-mouse_765k_gRNA_O03,GGTCACCATGGAG,O03
PD193-3_i7-7_human-mouse_765k_gRNA_O05,GCTGTGGCCCCGG,O05
PD193-3_i7-7_human-mouse_765k_gRNA_O07,GTGGGAGGCGAAG,O07
PD193-3_i7-7_human-mouse_765k_gRNA_O09,GGCTGCCGTCACG,O09
PD193-3_i7-7_human-mouse_765k_gRNA_O11,GATCTTCTATGTG,O11
PD193-3_i7-7_human-mouse_765k_gRNA_O13,GCTACTTGCTCTG,O13
PD193-3_i7-7_human-mouse_765k_gRNA_O15,GTGGGCCTTTAGG,O15
PD193-3_i7-7_human-mouse_765k_gRNA_O17,GGATACACCGGCG,O17
PD193-3_i7-7_human-mouse_765k_gRNA_O19,GTGCGCTCGGATG,O19
PD193-3_i7-7_human-mouse_765k_gRNA_O21,GCACAGGTCAAAG,O21
PD193-3_i7-7_human-mouse_765k_gRNA_O23,GTCTGAGTGCCCG,O23
PD193-3_i7-7_human-mouse_765k_gRNA_P01,GGTTGTGTAGCTG,P01
PD193-3_i7-7_human-mouse_765k_gRNA_P03,GATGCGGGGCGGG,P03
PD193-3_i7-7_human-mouse_765k_gRNA_P05,GCCGGTGTAAACG,P05
PD193-3_i7-7_human-mouse_765k_gRNA_P07,GTGGCAAGTTCGG,P07
PD193-3_i7-7_human-mouse_765k_gRNA_P09,GGTAGAATGAGTG,P09
PD193-3_i7-7_human-mouse_765k_gRNA_P11,GCCCTATGGCCCG,P11
PD193-3_i7-7_human-mouse_765k_gRNA_P13,GTCTATCCTCATG,P13
PD193-3_i7-7_human-mouse_765k_gRNA_P15,GGAGTGTACTTGG,P15
PD193-3_i7-7_human-mouse_765k_gRNA_P17,GATCGCGAGTACG,P17
PD193-3_i7-7_human-mouse_765k_gRNA_P19,GCGGTCCCAAGTG,P19
PD193-3_i7-7_human-mouse_765k_gRNA_P21,GTTCTGGGAGAGG,P21
PD193-3_i7-7_human-mouse_765k_gRNA_P23,GAACTTCGAAAAG,P23
PD193-3_i7-7_human-mouse_765k_gRNA_I02,AGCGTCCACACAA,I02
PD193-3_i7-7_human-mouse_765k_gRNA_I04,ACGAGGTGCCGTA,I04
PD193-3_i7-7_human-mouse_765k_gRNA_I06,ATTTATTAGACGA,I06
PD193-3_i7-7_human-mouse_765k_gRNA_I08,AGGGCTCCGACAA,I08
PD193-3_i7-7_human-mouse_765k_gRNA_I10,AAAGTTTATCAAA,I10
PD193-3_i7-7_human-mouse_765k_gRNA_I12,ACACGTGTGCGGA,I12
PD193-3_i7-7_human-mouse_765k_gRNA_I14,AACGTCAAGGATA,I14
PD193-3_i7-7_human-mouse_765k_gRNA_I16,AGTGACAGCTACA,I16
PD193-3_i7-7_human-mouse_765k_gRNA_I18,AAGCTTTACATGA,I18
PD193-3_i7-7_human-mouse_765k_gRNA_I20,ATATGAACAACTA,I20
PD193-3_i7-7_human-mouse_765k_gRNA_I22,AGTAGATCGCTAA,I22
PD193-3_i7-7_human-mouse_765k_gRNA_I24,AAAGCGTCTACCA,I24
PD193-3_i7-7_human-mouse_765k_gRNA_J02,ACATTTTTGAAGA,J02
PD193-3_i7-7_human-mouse_765k_gRNA_J04,ATGTAGCTTACCA,J04
PD193-3_i7-7_human-mouse_765k_gRNA_J06,AGTGAGCGGCAAA,J06
PD193-3_i7-7_human-mouse_765k_gRNA_J08,AATGAGCCTGATA,J08
PD193-3_i7-7_human-mouse_765k_gRNA_J10,ATCGAAACGAGGA,J10
PD193-3_i7-7_human-mouse_765k_gRNA_J12,AGACAGTAGTCCA,J12
PD193-3_i7-7_human-mouse_765k_gRNA_J14,ATTTAGCTCGGTA,J14
PD193-3_i7-7_human-mouse_765k_gRNA_J16,AGCTTGAGGACCA,J16
PD193-3_i7-7_human-mouse_765k_gRNA_J18,AACAGACGCCTAA,J18
PD193-3_i7-7_human-mouse_765k_gRNA_J20,ATTGGACAGGGCA,J20
PD193-3_i7-7_human-mouse_765k_gRNA_J22,AAAATTCAGTATA,J22
PD193-3_i7-7_human-mouse_765k_gRNA_J24,ACTGTCGAAATAA,J24
PD193-3_i7-7_human-mouse_765k_gRNA_K02,TTGGGTATCAGGA,K02
PD193-3_i7-7_human-mouse_765k_gRNA_K04,TGCTATCAGTCTA,K04
PD193-3_i7-7_human-mouse_765k_gRNA_K06,TAAGGCGGTAAGA,K06
PD193-3_i7-7_human-mouse_765k_gRNA_K08,TCGATTGGGTTTA,K08
PD193-3_i7-7_human-mouse_765k_gRNA_K10,TTGCCCAGCATAA,K10
PD193-3_i7-7_human-mouse_765k_gRNA_K12,TGCACTGGGCGCA,K12
PD193-3_i7-7_human-mouse_765k_gRNA_K14,TATGGGAATAAAA,K14
PD193-3_i7-7_human-mouse_765k_gRNA_K16,TCTACCCGGTTGA,K16
PD193-3_i7-7_human-mouse_765k_gRNA_K18,TCATCCAGATCAC,K18
PD193-3_i7-7_human-mouse_765k_gRNA_K20,TGAAGCAATTAGC,K20
PD193-3_i7-7_human-mouse_765k_gRNA_K22,TATGGCGTCCTTC,K22
PD193-3_i7-7_human-mouse_765k_gRNA_K24,TCAATATATTGAC,K24
PD193-3_i7-7_human-mouse_765k_gRNA_L02,TTTGGACGACCGC,L02
PD193-3_i7-7_human-mouse_765k_gRNA_L04,TGATTGACCAAAC,L04
PD193-3_i7-7_human-mouse_765k_gRNA_L06,TCGAACATACCTC,L06
PD193-3_i7-7_human-mouse_765k_gRNA_L08,TTTCATCCAATAC,L08
PD193-3_i7-7_human-mouse_765k_gRNA_L10,TGCGGGAAAGGCC,L10
PD193-3_i7-7_human-mouse_765k_gRNA_L12,TCAGGGATCACTC,L12
PD193-3_i7-7_human-mouse_765k_gRNA_L14,TGTGTTACTTCCC,L14
PD193-3_i7-7_human-mouse_765k_gRNA_L16,TACGGGTGTTGAC,L16
PD193-3_i7-7_human-mouse_765k_gRNA_L18,TCCTGATGGTAGC,L18
PD193-3_i7-7_human-mouse_765k_gRNA_L20,TTTCGTGCTTTCC,L20
PD193-3_i7-7_human-mouse_765k_gRNA_L22,TGACGCGACGATC,L22
PD193-3_i7-7_human-mouse_765k_gRNA_L24,TATTGTTAACGAC,L24
PD193-3_i7-7_human-mouse_765k_gRNA_M02,CCAAGCGCGTCCC,M02
PD193-3_i7-7_human-mouse_765k_gRNA_M04,CTTATCGTCAAGC,M04
PD193-3_i7-7_human-mouse_765k_gRNA_M06,CCTAGAAGTCGAC,M06
PD193-3_i7-7_human-mouse_765k_gRNA_M08,CTCGGCATGATCC,M08
PD193-3_i7-7_human-mouse_765k_gRNA_M10,CGACGGCGCACAC,M10
PD193-3_i7-7_human-mouse_765k_gRNA_M12,CAGACCGTGGACC,M12
PD193-3_i7-7_human-mouse_765k_gRNA_M14,CCAGGTGACGGCC,M14
PD193-3_i7-7_human-mouse_765k_gRNA_M16,CTCGTGTCGGAGC,M16
PD193-3_i7-7_human-mouse_765k_gRNA_M18,CTTTCGTGTAGAC,M18
PD193-3_i7-7_human-mouse_765k_gRNA_M20,CGCCAGTGCTTTC,M20
PD193-3_i7-7_human-mouse_765k_gRNA_M22,CATGTTGCGGGAC,M22
PD193-3_i7-7_human-mouse_765k_gRNA_M24,CCGCTTGTATAGC,M24
PD193-3_i7-7_human-mouse_765k_gRNA_N02,CTCGTCACTGGCC,N02
PD193-3_i7-7_human-mouse_765k_gRNA_N04,CGCTTTTACTGAC,N04
PD193-3_i7-7_human-mouse_765k_gRNA_N06,CAGCAGGGACGCC,N06
PD193-3_i7-7_human-mouse_765k_gRNA_N08,CCCGCTCGACTAC,N08
PD193-3_i7-7_human-mouse_765k_gRNA_N10,CTTCTGATTTTGG,N10
PD193-3_i7-7_human-mouse_765k_gRNA_N12,CGATGTGCGTGTG,N12
PD193-3_i7-7_human-mouse_765k_gRNA_N14,CACCCCGCTCCTG,N14
PD193-3_i7-7_human-mouse_765k_gRNA_N16,CCAGATTGTAACG,N16
PD193-3_i7-7_human-mouse_765k_gRNA_N18,CTGCTCCACCAAG,N18
PD193-3_i7-7_human-mouse_765k_gRNA_N20,CGCGATATTCGGG,N20
PD193-3_i7-7_human-mouse_765k_gRNA_N22,CACAGGGGCAACG,N22
PD193-3_i7-7_human-mouse_765k_gRNA_N24,CCTCTGATCCGTG,N24
PD193-3_i7-7_human-mouse_765k_gRNA_O02,GTCATTGACTTGG,O02
PD193-3_i7-7_human-mouse_765k_gRNA_O04,GGGAAATCGTACG,O04
PD193-3_i7-7_human-mouse_765k_gRNA_O06,GAACTTACTGCGG,O06
PD193-3_i7-7_human-mouse_765k_gRNA_O08,GCGACGGATTAAG,O08
PD193-3_i7-7_human-mouse_765k_gRNA_O10,GTTGCGATGTCCG,O10
PD193-3_i7-7_human-mouse_765k_gRNA_O12,GGGATCGCACAGG,O12
PD193-3_i7-7_human-mouse_765k_gRNA_O14,GACCAAATTGTAG,O14
PD193-3_i7-7_human-mouse_765k_gRNA_O16,GCTGGTCAGTTTG,O16
PD193-3_i7-7_human-mouse_765k_gRNA_O18,GGCCAAGGCGCCG,O18
PD193-3_i7-7_human-mouse_765k_gRNA_O20,GATGTAAGTCTTG,O20
PD193-3_i7-7_human-mouse_765k_gRNA_O22,GGGTGCTCCACAG,O22
PD193-3_i7-7_human-mouse_765k_gRNA_O24,GCTGGTAGAGGTG,O24
PD193-3_i7-7_human-mouse_765k_gRNA_P02,GGCAGATTCCAGG,P02
PD193-3_i7-7_human-mouse_765k_gRNA_P04,GATGGTTGCAATG,P04
PD193-3_i7-7_human-mouse_765k_gRNA_P06,GGCGGGTAGATAG,P06
PD193-3_i7-7_human-mouse_765k_gRNA_P08,GCCACTCTTGGGG,P08
PD193-3_i7-7_human-mouse_765k_gRNA_P10,GGTGAGGTATGTG,P10
PD193-3_i7-7_human-mouse_765k_gRNA_P12,GAACGTTTATACG,P12
PD193-3_i7-7_human-mouse_765k_gRNA_P14,GGTGCCGCCAGCG,P14
PD193-3_i7-7_human-mouse_765k_gRNA_P16,GCGCGTTACTCAG,P16
PD193-3_i7-7_human-mouse_765k_gRNA_P18,GTGATTGATGGAG,P18
PD193-3_i7-7_human-mouse_765k_gRNA_P20,GGTTACGGGCCGG,P20
PD193-3_i7-7_human-mouse_765k_gRNA_P22,GACCAGCATACAG,P22
PD193-3_i7-7_human-mouse_765k_gRNA_P24,GCGAGTTTAATGG,P24
