sample_name,combinatorial_barcode,plate_well,material,cell_line,gRNA_ID,gRNA_well,gRNA_seq,TCR_status
PD212_scifi_2C_4lines_7650_MeOH-cells_A02,AACCTCCAACCCA,A02,MeOH-cells,HEK293T,,,,
PD212_scifi_2C_4lines_7650_MeOH-cells_A04,ACGTTTCAGCCAA,A04,MeOH-cells,HEK293T,,,,
PD212_scifi_2C_4lines_7650_MeOH-cells_A06,ATAAGGTTAGATA,A06,MeOH-cells,HEK293T,,,,
PD212_scifi_2C_4lines_7650_MeOH-cells_A08,AATATACCAGACA,A08,MeOH-cells,HEK293T,,,,
PD212_scifi_2C_4lines_7650_MeOH-cells_A10,AGGAGAGACTGTA,A10,MeOH-cells,HEK293T,,,,
PD212_scifi_2C_4lines_7650_MeOH-cells_A12,ACTCATCTTAGCA,A12,MeOH-cells,HEK293T,,,,
PD212_scifi_2C_4lines_7650_MeOH-cells_A14,AAATTTGGCCGTA,A14,MeOH-cells,HEK293T,,,,
PD212_scifi_2C_4lines_7650_MeOH-cells_A16,ATTAAGGAAGTAA,A16,MeOH-cells,HEK293T,,,,
PD212_scifi_2C_4lines_7650_MeOH-cells_A18,AACCGATCCAGAA,A18,MeOH-cells,HEK293T,,,,
PD212_scifi_2C_4lines_7650_MeOH-cells_A20,ACAACGGGACTGA,A20,MeOH-cells,HEK293T,,,,
PD212_scifi_2C_4lines_7650_MeOH-cells_A22,ATCCAGTACAACA,A22,MeOH-cells,HEK293T,,,,
PD212_scifi_2C_4lines_7650_MeOH-cells_A24,AGAGGACGATGCA,A24,MeOH-cells,HEK293T,,,,
PD212_scifi_2C_4lines_7650_MeOH-cells_B02,AAAGGGTCGCTTA,B02,MeOH-cells,HEK293T,,,,
PD212_scifi_2C_4lines_7650_MeOH-cells_B04,ACCCATGTAGCAA,B04,MeOH-cells,HEK293T,,,,
PD212_scifi_2C_4lines_7650_MeOH-cells_B06,AGTGAAGTGGACA,B06,MeOH-cells,HEK293T,,,,
PD212_scifi_2C_4lines_7650_MeOH-cells_B08,ATAATAATTACAA,B08,MeOH-cells,HEK293T,,,,
PD212_scifi_2C_4lines_7650_MeOH-cells_B10,AGCTGTAACGTGA,B10,MeOH-cells,HEK293T,,,,
PD212_scifi_2C_4lines_7650_MeOH-cells_B12,AAAAAGCTGCGTA,B12,MeOH-cells,HEK293T,,,,
PD212_scifi_2C_4lines_7650_MeOH-cells_B14,ACGCGCAAACAGA,B14,MeOH-cells,HEK293T,,,,
PD212_scifi_2C_4lines_7650_MeOH-cells_B16,ATAATTTTCCCCA,B16,MeOH-cells,HEK293T,,,,
PD212_scifi_2C_4lines_7650_MeOH-cells_B18,AGGATACTGGTTA,B18,MeOH-cells,HEK293T,,,,
PD212_scifi_2C_4lines_7650_MeOH-cells_B20,AAGGGGGAAGCGA,B20,MeOH-cells,HEK293T,,,,
PD212_scifi_2C_4lines_7650_MeOH-cells_B22,ACAACGCCAAAAA,B22,MeOH-cells,HEK293T,,,,
PD212_scifi_2C_4lines_7650_MeOH-cells_B24,AACGAAGCCTGTA,B24,MeOH-cells,HEK293T,,,,
PD212_scifi_2C_4lines_7650_MeOH-cells_C02,TTACGTTGCCAGA,C02,MeOH-cells,HEK293T,,,,
PD212_scifi_2C_4lines_7650_MeOH-cells_C04,TAATTAACTTATA,C04,MeOH-cells,HEK293T,,,,
PD212_scifi_2C_4lines_7650_MeOH-cells_C06,TCTCGGTATGGGA,C06,MeOH-cells,HEK293T,,,,
PD212_scifi_2C_4lines_7650_MeOH-cells_C08,TTCGTGTGAATTA,C08,MeOH-cells,HEK293T,,,,
PD212_scifi_2C_4lines_7650_MeOH-cells_C10,TATAATTAGTTCA,C10,MeOH-cells,HEK293T,,,,
PD212_scifi_2C_4lines_7650_MeOH-cells_C12,TGGCTAATTCCTA,C12,MeOH-cells,HEK293T,,,,
PD212_scifi_2C_4lines_7650_MeOH-cells_C14,TAGAAGGTCGTGA,C14,MeOH-cells,HEK293T,,,,
PD212_scifi_2C_4lines_7650_MeOH-cells_C16,TCGTGAGGGGGTA,C16,MeOH-cells,HEK293T,,,,
PD212_scifi_2C_4lines_7650_MeOH-cells_C18,TTAGGCTAAAGGC,C18,MeOH-cells,HEK293T,,,,
PD212_scifi_2C_4lines_7650_MeOH-cells_C20,TGAAGTGGCTTCC,C20,MeOH-cells,HEK293T,,,,
PD212_scifi_2C_4lines_7650_MeOH-cells_C22,TATCGCATAGCGC,C22,MeOH-cells,HEK293T,,,,
PD212_scifi_2C_4lines_7650_MeOH-cells_C24,TCTCCTAAGCTCC,C24,MeOH-cells,HEK293T,,,,
PD212_scifi_2C_4lines_7650_MeOH-cells_D02,TAAATCATGATTC,D02,MeOH-cells,HEK293T,,,,
PD212_scifi_2C_4lines_7650_MeOH-cells_D04,TCGCATACGGAAC,D04,MeOH-cells,HEK293T,,,,
PD212_scifi_2C_4lines_7650_MeOH-cells_D06,TTGCAGCCACAGC,D06,MeOH-cells,HEK293T,,,,
PD212_scifi_2C_4lines_7650_MeOH-cells_D08,TACCTGGTGCTTC,D08,MeOH-cells,HEK293T,,,,
PD212_scifi_2C_4lines_7650_MeOH-cells_D10,TGTTTTCATAAGC,D10,MeOH-cells,HEK293T,,,,
PD212_scifi_2C_4lines_7650_MeOH-cells_D12,TAAACTGAGATGC,D12,MeOH-cells,HEK293T,,,,
PD212_scifi_2C_4lines_7650_MeOH-cells_D14,TCAGTGCGCTGTC,D14,MeOH-cells,HEK293T,,,,
PD212_scifi_2C_4lines_7650_MeOH-cells_D16,TTGAGTGGGCCAC,D16,MeOH-cells,HEK293T,,,,
PD212_scifi_2C_4lines_7650_MeOH-cells_D18,TATTCTCTCAACC,D18,MeOH-cells,HEK293T,,,,
PD212_scifi_2C_4lines_7650_MeOH-cells_D20,TCCTCCTTTACGC,D20,MeOH-cells,HEK293T,,,,
PD212_scifi_2C_4lines_7650_MeOH-cells_D22,TAGAGAACTTTAC,D22,MeOH-cells,HEK293T,,,,
PD212_scifi_2C_4lines_7650_MeOH-cells_D24,TTACTACCAGGTC,D24,MeOH-cells,HEK293T,,,,
PD212_scifi_2C_4lines_7650_MeOH-cells_E02,CATTGCTACATCC,E02,MeOH-cells,Jurkat-Cas9-TCR,,,,
PD212_scifi_2C_4lines_7650_MeOH-cells_E04,CGGAGTCACACGC,E04,MeOH-cells,Jurkat-Cas9-TCR,,,,
PD212_scifi_2C_4lines_7650_MeOH-cells_E06,CCGGTGGAGCTCC,E06,MeOH-cells,Jurkat-Cas9-TCR,,,,
PD212_scifi_2C_4lines_7650_MeOH-cells_E08,CTTCGGCCCAATC,E08,MeOH-cells,Jurkat-Cas9-TCR,,,,
PD212_scifi_2C_4lines_7650_MeOH-cells_E10,CACGAGACACCCC,E10,MeOH-cells,Jurkat-Cas9-TCR,,,,
PD212_scifi_2C_4lines_7650_MeOH-cells_E12,CGTCTAGACAAAC,E12,MeOH-cells,Jurkat-Cas9-TCR,,,,
PD212_scifi_2C_4lines_7650_MeOH-cells_E14,CACCGTACGTTGC,E14,MeOH-cells,Jurkat-Cas9-TCR,,,,
PD212_scifi_2C_4lines_7650_MeOH-cells_E16,CCTAACCCTCTCC,E16,MeOH-cells,Jurkat-Cas9-TCR,,,,
PD212_scifi_2C_4lines_7650_MeOH-cells_E18,CTAGATTTAACTC,E18,MeOH-cells,Jurkat-Cas9-TCR,,,,
PD212_scifi_2C_4lines_7650_MeOH-cells_E20,CAGATTAGAGTAC,E20,MeOH-cells,Jurkat-Cas9-TCR,,,,
PD212_scifi_2C_4lines_7650_MeOH-cells_E22,CGGGACGTTTTCC,E22,MeOH-cells,Jurkat-Cas9-TCR,,,,
PD212_scifi_2C_4lines_7650_MeOH-cells_E24,CTATACCAAGAAC,E24,MeOH-cells,Jurkat-Cas9-TCR,,,,
PD212_scifi_2C_4lines_7650_MeOH-cells_F02,CCGGCGAGCCAGC,F02,MeOH-cells,Jurkat-Cas9-TCR,,,,
PD212_scifi_2C_4lines_7650_MeOH-cells_F04,CATTTGAAAACGC,F04,MeOH-cells,Jurkat-Cas9-TCR,,,,
PD212_scifi_2C_4lines_7650_MeOH-cells_F06,CCCCTTTCTGGAC,F06,MeOH-cells,Jurkat-Cas9-TCR,,,,
PD212_scifi_2C_4lines_7650_MeOH-cells_F08,CTGACTGCAGCGC,F08,MeOH-cells,Jurkat-Cas9-TCR,,,,
PD212_scifi_2C_4lines_7650_MeOH-cells_F10,CACGATCAAGTTG,F10,MeOH-cells,Jurkat-Cas9-TCR,,,,
PD212_scifi_2C_4lines_7650_MeOH-cells_F12,CGAAATGCTGACG,F12,MeOH-cells,Jurkat-Cas9-TCR,,,,
PD212_scifi_2C_4lines_7650_MeOH-cells_F14,CGCTACCTGAAGG,F14,MeOH-cells,Jurkat-Cas9-TCR,,,,
PD212_scifi_2C_4lines_7650_MeOH-cells_F16,CAGGAACTACACG,F16,MeOH-cells,Jurkat-Cas9-TCR,,,,
PD212_scifi_2C_4lines_7650_MeOH-cells_F18,CTCGGCCGGTCAG,F18,MeOH-cells,Jurkat-Cas9-TCR,,,,
PD212_scifi_2C_4lines_7650_MeOH-cells_F20,CTTTTCCAGCGTG,F20,MeOH-cells,Jurkat-Cas9-TCR,,,,
PD212_scifi_2C_4lines_7650_MeOH-cells_F22,CAATCGTAGCCGG,F22,MeOH-cells,Jurkat-Cas9-TCR,,,,
PD212_scifi_2C_4lines_7650_MeOH-cells_F24,CGTAAACTACGAG,F24,MeOH-cells,Jurkat-Cas9-TCR,,,,
PD212_scifi_2C_4lines_7650_MeOH-cells_G02,GACGAGTATCTGG,G02,MeOH-cells,Jurkat-Cas9-TCR,,,,
PD212_scifi_2C_4lines_7650_MeOH-cells_G04,GCAAAGGGTGGTG,G04,MeOH-cells,Jurkat-Cas9-TCR,,,,
PD212_scifi_2C_4lines_7650_MeOH-cells_G06,GTAGGTGAGAAAG,G06,MeOH-cells,Jurkat-Cas9-TCR,,,,
PD212_scifi_2C_4lines_7650_MeOH-cells_G08,GAGCGGATTAGTG,G08,MeOH-cells,Jurkat-Cas9-TCR,,,,
PD212_scifi_2C_4lines_7650_MeOH-cells_G10,GGTTTGTATGTCG,G10,MeOH-cells,Jurkat-Cas9-TCR,,,,
PD212_scifi_2C_4lines_7650_MeOH-cells_G12,GAACACATCTGAG,G12,MeOH-cells,Jurkat-Cas9-TCR,,,,
PD212_scifi_2C_4lines_7650_MeOH-cells_G14,GCTACCAATGACG,G14,MeOH-cells,Jurkat-Cas9-TCR,,,,
PD212_scifi_2C_4lines_7650_MeOH-cells_G16,GTGAGGGCTCGGG,G16,MeOH-cells,Jurkat-Cas9-TCR,,,,
PD212_scifi_2C_4lines_7650_MeOH-cells_G18,GAAATGTGTCGCG,G18,MeOH-cells,Jurkat-Cas9-TCR,,,,
PD212_scifi_2C_4lines_7650_MeOH-cells_G20,GGCCCACACCGGG,G20,MeOH-cells,Jurkat-Cas9-TCR,,,,
PD212_scifi_2C_4lines_7650_MeOH-cells_G22,GCCGGTAGCTCCG,G22,MeOH-cells,Jurkat-Cas9-TCR,,,,
PD212_scifi_2C_4lines_7650_MeOH-cells_G24,GAAGAATTATGGG,G24,MeOH-cells,Jurkat-Cas9-TCR,,,,
PD212_scifi_2C_4lines_7650_MeOH-cells_H02,GTCTCGTCATATG,H02,MeOH-cells,Jurkat-Cas9-TCR,,,,
PD212_scifi_2C_4lines_7650_MeOH-cells_H04,GGACTTTTGGTCG,H04,MeOH-cells,Jurkat-Cas9-TCR,,,,
PD212_scifi_2C_4lines_7650_MeOH-cells_H06,GATTTCGTTCCAG,H06,MeOH-cells,Jurkat-Cas9-TCR,,,,
PD212_scifi_2C_4lines_7650_MeOH-cells_H08,GTCCCGGAGCCAG,H08,MeOH-cells,Jurkat-Cas9-TCR,,,,
PD212_scifi_2C_4lines_7650_MeOH-cells_H10,GGGGGGCCGGACG,H10,MeOH-cells,Jurkat-Cas9-TCR,,,,
PD212_scifi_2C_4lines_7650_MeOH-cells_H12,GACTACGTTTGGG,H12,MeOH-cells,Jurkat-Cas9-TCR,,,,
PD212_scifi_2C_4lines_7650_MeOH-cells_H14,GCTTTAATCTAAG,H14,MeOH-cells,Jurkat-Cas9-TCR,,,,
PD212_scifi_2C_4lines_7650_MeOH-cells_H16,GAGGCAAAAATCG,H16,MeOH-cells,Jurkat-Cas9-TCR,,,,
PD212_scifi_2C_4lines_7650_MeOH-cells_H18,GTTTGATTCTCGG,H18,MeOH-cells,Jurkat-Cas9-TCR,,,,
PD212_scifi_2C_4lines_7650_MeOH-cells_H20,GAGGGACATCGAG,H20,MeOH-cells,Jurkat-Cas9-TCR,,,,
PD212_scifi_2C_4lines_7650_MeOH-cells_H22,GGATCCTTACCCG,H22,MeOH-cells,Jurkat-Cas9-TCR,,,,
PD212_scifi_2C_4lines_7650_MeOH-cells_H24,GCGATCCTCGCGG,H24,MeOH-cells,Jurkat-Cas9-TCR,,,,
PD212_scifi_2C_4lines_7650_MeOH-cells_I02,AGCGTCCACACAA,I02,MeOH-cells,K562,,,,
PD212_scifi_2C_4lines_7650_MeOH-cells_I04,ACGAGGTGCCGTA,I04,MeOH-cells,K562,,,,
PD212_scifi_2C_4lines_7650_MeOH-cells_I06,ATTTATTAGACGA,I06,MeOH-cells,K562,,,,
PD212_scifi_2C_4lines_7650_MeOH-cells_I08,AGGGCTCCGACAA,I08,MeOH-cells,K562,,,,
PD212_scifi_2C_4lines_7650_MeOH-cells_I10,AAAGTTTATCAAA,I10,MeOH-cells,K562,,,,
PD212_scifi_2C_4lines_7650_MeOH-cells_I12,ACACGTGTGCGGA,I12,MeOH-cells,K562,,,,
PD212_scifi_2C_4lines_7650_MeOH-cells_I14,AACGTCAAGGATA,I14,MeOH-cells,K562,,,,
PD212_scifi_2C_4lines_7650_MeOH-cells_I16,AGTGACAGCTACA,I16,MeOH-cells,K562,,,,
PD212_scifi_2C_4lines_7650_MeOH-cells_I18,AAGCTTTACATGA,I18,MeOH-cells,K562,,,,
PD212_scifi_2C_4lines_7650_MeOH-cells_I20,ATATGAACAACTA,I20,MeOH-cells,K562,,,,
PD212_scifi_2C_4lines_7650_MeOH-cells_I22,AGTAGATCGCTAA,I22,MeOH-cells,K562,,,,
PD212_scifi_2C_4lines_7650_MeOH-cells_I24,AAAGCGTCTACCA,I24,MeOH-cells,K562,,,,
PD212_scifi_2C_4lines_7650_MeOH-cells_J02,ACATTTTTGAAGA,J02,MeOH-cells,K562,,,,
PD212_scifi_2C_4lines_7650_MeOH-cells_J04,ATGTAGCTTACCA,J04,MeOH-cells,K562,,,,
PD212_scifi_2C_4lines_7650_MeOH-cells_J06,AGTGAGCGGCAAA,J06,MeOH-cells,K562,,,,
PD212_scifi_2C_4lines_7650_MeOH-cells_J08,AATGAGCCTGATA,J08,MeOH-cells,K562,,,,
PD212_scifi_2C_4lines_7650_MeOH-cells_J10,ATCGAAACGAGGA,J10,MeOH-cells,K562,,,,
PD212_scifi_2C_4lines_7650_MeOH-cells_J12,AGACAGTAGTCCA,J12,MeOH-cells,K562,,,,
PD212_scifi_2C_4lines_7650_MeOH-cells_J14,ATTTAGCTCGGTA,J14,MeOH-cells,K562,,,,
PD212_scifi_2C_4lines_7650_MeOH-cells_J16,AGCTTGAGGACCA,J16,MeOH-cells,K562,,,,
PD212_scifi_2C_4lines_7650_MeOH-cells_J18,AACAGACGCCTAA,J18,MeOH-cells,K562,,,,
PD212_scifi_2C_4lines_7650_MeOH-cells_J20,ATTGGACAGGGCA,J20,MeOH-cells,K562,,,,
PD212_scifi_2C_4lines_7650_MeOH-cells_J22,AAAATTCAGTATA,J22,MeOH-cells,K562,,,,
PD212_scifi_2C_4lines_7650_MeOH-cells_J24,ACTGTCGAAATAA,J24,MeOH-cells,K562,,,,
PD212_scifi_2C_4lines_7650_MeOH-cells_K02,TTGGGTATCAGGA,K02,MeOH-cells,K562,,,,
PD212_scifi_2C_4lines_7650_MeOH-cells_K04,TGCTATCAGTCTA,K04,MeOH-cells,K562,,,,
PD212_scifi_2C_4lines_7650_MeOH-cells_K06,TAAGGCGGTAAGA,K06,MeOH-cells,K562,,,,
PD212_scifi_2C_4lines_7650_MeOH-cells_K08,TCGATTGGGTTTA,K08,MeOH-cells,K562,,,,
PD212_scifi_2C_4lines_7650_MeOH-cells_K10,TTGCCCAGCATAA,K10,MeOH-cells,K562,,,,
PD212_scifi_2C_4lines_7650_MeOH-cells_K12,TGCACTGGGCGCA,K12,MeOH-cells,K562,,,,
PD212_scifi_2C_4lines_7650_MeOH-cells_K14,TATGGGAATAAAA,K14,MeOH-cells,K562,,,,
PD212_scifi_2C_4lines_7650_MeOH-cells_K16,TCTACCCGGTTGA,K16,MeOH-cells,K562,,,,
PD212_scifi_2C_4lines_7650_MeOH-cells_K18,TCATCCAGATCAC,K18,MeOH-cells,K562,,,,
PD212_scifi_2C_4lines_7650_MeOH-cells_K20,TGAAGCAATTAGC,K20,MeOH-cells,K562,,,,
PD212_scifi_2C_4lines_7650_MeOH-cells_K22,TATGGCGTCCTTC,K22,MeOH-cells,K562,,,,
PD212_scifi_2C_4lines_7650_MeOH-cells_K24,TCAATATATTGAC,K24,MeOH-cells,K562,,,,
PD212_scifi_2C_4lines_7650_MeOH-cells_L02,TTTGGACGACCGC,L02,MeOH-cells,K562,,,,
PD212_scifi_2C_4lines_7650_MeOH-cells_L04,TGATTGACCAAAC,L04,MeOH-cells,K562,,,,
PD212_scifi_2C_4lines_7650_MeOH-cells_L06,TCGAACATACCTC,L06,MeOH-cells,K562,,,,
PD212_scifi_2C_4lines_7650_MeOH-cells_L08,TTTCATCCAATAC,L08,MeOH-cells,K562,,,,
PD212_scifi_2C_4lines_7650_MeOH-cells_L10,TGCGGGAAAGGCC,L10,MeOH-cells,K562,,,,
PD212_scifi_2C_4lines_7650_MeOH-cells_L12,TCAGGGATCACTC,L12,MeOH-cells,K562,,,,
PD212_scifi_2C_4lines_7650_MeOH-cells_L14,TGTGTTACTTCCC,L14,MeOH-cells,K562,,,,
PD212_scifi_2C_4lines_7650_MeOH-cells_L16,TACGGGTGTTGAC,L16,MeOH-cells,K562,,,,
PD212_scifi_2C_4lines_7650_MeOH-cells_L18,TCCTGATGGTAGC,L18,MeOH-cells,K562,,,,
PD212_scifi_2C_4lines_7650_MeOH-cells_L20,TTTCGTGCTTTCC,L20,MeOH-cells,K562,,,,
PD212_scifi_2C_4lines_7650_MeOH-cells_L22,TGACGCGACGATC,L22,MeOH-cells,K562,,,,
PD212_scifi_2C_4lines_7650_MeOH-cells_L24,TATTGTTAACGAC,L24,MeOH-cells,K562,,,,
PD212_scifi_2C_4lines_7650_MeOH-cells_M02,CCAAGCGCGTCCC,M02,MeOH-cells,NALM6,,,,
PD212_scifi_2C_4lines_7650_MeOH-cells_M04,CTTATCGTCAAGC,M04,MeOH-cells,NALM6,,,,
PD212_scifi_2C_4lines_7650_MeOH-cells_M06,CCTAGAAGTCGAC,M06,MeOH-cells,NALM6,,,,
PD212_scifi_2C_4lines_7650_MeOH-cells_M08,CTCGGCATGATCC,M08,MeOH-cells,NALM6,,,,
PD212_scifi_2C_4lines_7650_MeOH-cells_M10,CGACGGCGCACAC,M10,MeOH-cells,NALM6,,,,
PD212_scifi_2C_4lines_7650_MeOH-cells_M12,CAGACCGTGGACC,M12,MeOH-cells,NALM6,,,,
PD212_scifi_2C_4lines_7650_MeOH-cells_M14,CCAGGTGACGGCC,M14,MeOH-cells,NALM6,,,,
PD212_scifi_2C_4lines_7650_MeOH-cells_M16,CTCGTGTCGGAGC,M16,MeOH-cells,NALM6,,,,
PD212_scifi_2C_4lines_7650_MeOH-cells_M18,CTTTCGTGTAGAC,M18,MeOH-cells,NALM6,,,,
PD212_scifi_2C_4lines_7650_MeOH-cells_M20,CGCCAGTGCTTTC,M20,MeOH-cells,NALM6,,,,
PD212_scifi_2C_4lines_7650_MeOH-cells_M22,CATGTTGCGGGAC,M22,MeOH-cells,NALM6,,,,
PD212_scifi_2C_4lines_7650_MeOH-cells_M24,CCGCTTGTATAGC,M24,MeOH-cells,NALM6,,,,
PD212_scifi_2C_4lines_7650_MeOH-cells_N02,CTCGTCACTGGCC,N02,MeOH-cells,NALM6,,,,
PD212_scifi_2C_4lines_7650_MeOH-cells_N04,CGCTTTTACTGAC,N04,MeOH-cells,NALM6,,,,
PD212_scifi_2C_4lines_7650_MeOH-cells_N06,CAGCAGGGACGCC,N06,MeOH-cells,NALM6,,,,
PD212_scifi_2C_4lines_7650_MeOH-cells_N08,CCCGCTCGACTAC,N08,MeOH-cells,NALM6,,,,
PD212_scifi_2C_4lines_7650_MeOH-cells_N10,CTTCTGATTTTGG,N10,MeOH-cells,NALM6,,,,
PD212_scifi_2C_4lines_7650_MeOH-cells_N12,CGATGTGCGTGTG,N12,MeOH-cells,NALM6,,,,
PD212_scifi_2C_4lines_7650_MeOH-cells_N14,CACCCCGCTCCTG,N14,MeOH-cells,NALM6,,,,
PD212_scifi_2C_4lines_7650_MeOH-cells_N16,CCAGATTGTAACG,N16,MeOH-cells,NALM6,,,,
PD212_scifi_2C_4lines_7650_MeOH-cells_N18,CTGCTCCACCAAG,N18,MeOH-cells,NALM6,,,,
PD212_scifi_2C_4lines_7650_MeOH-cells_N20,CGCGATATTCGGG,N20,MeOH-cells,NALM6,,,,
PD212_scifi_2C_4lines_7650_MeOH-cells_N22,CACAGGGGCAACG,N22,MeOH-cells,NALM6,,,,
PD212_scifi_2C_4lines_7650_MeOH-cells_N24,CCTCTGATCCGTG,N24,MeOH-cells,NALM6,,,,
PD212_scifi_2C_4lines_7650_MeOH-cells_O02,GTCATTGACTTGG,O02,MeOH-cells,NALM6,,,,
PD212_scifi_2C_4lines_7650_MeOH-cells_O04,GGGAAATCGTACG,O04,MeOH-cells,NALM6,,,,
PD212_scifi_2C_4lines_7650_MeOH-cells_O06,GAACTTACTGCGG,O06,MeOH-cells,NALM6,,,,
PD212_scifi_2C_4lines_7650_MeOH-cells_O08,GCGACGGATTAAG,O08,MeOH-cells,NALM6,,,,
PD212_scifi_2C_4lines_7650_MeOH-cells_O10,GTTGCGATGTCCG,O10,MeOH-cells,NALM6,,,,
PD212_scifi_2C_4lines_7650_MeOH-cells_O12,GGGATCGCACAGG,O12,MeOH-cells,NALM6,,,,
PD212_scifi_2C_4lines_7650_MeOH-cells_O14,GACCAAATTGTAG,O14,MeOH-cells,NALM6,,,,
PD212_scifi_2C_4lines_7650_MeOH-cells_O16,GCTGGTCAGTTTG,O16,MeOH-cells,NALM6,,,,
PD212_scifi_2C_4lines_7650_MeOH-cells_O18,GGCCAAGGCGCCG,O18,MeOH-cells,NALM6,,,,
PD212_scifi_2C_4lines_7650_MeOH-cells_O20,GATGTAAGTCTTG,O20,MeOH-cells,NALM6,,,,
PD212_scifi_2C_4lines_7650_MeOH-cells_O22,GGGTGCTCCACAG,O22,MeOH-cells,NALM6,,,,
PD212_scifi_2C_4lines_7650_MeOH-cells_O24,GCTGGTAGAGGTG,O24,MeOH-cells,NALM6,,,,
PD212_scifi_2C_4lines_7650_MeOH-cells_P02,GGCAGATTCCAGG,P02,MeOH-cells,NALM6,,,,
PD212_scifi_2C_4lines_7650_MeOH-cells_P04,GATGGTTGCAATG,P04,MeOH-cells,NALM6,,,,
PD212_scifi_2C_4lines_7650_MeOH-cells_P06,GGCGGGTAGATAG,P06,MeOH-cells,NALM6,,,,
PD212_scifi_2C_4lines_7650_MeOH-cells_P08,GCCACTCTTGGGG,P08,MeOH-cells,NALM6,,,,
PD212_scifi_2C_4lines_7650_MeOH-cells_P10,GGTGAGGTATGTG,P10,MeOH-cells,NALM6,,,,
PD212_scifi_2C_4lines_7650_MeOH-cells_P12,GAACGTTTATACG,P12,MeOH-cells,NALM6,,,,
PD212_scifi_2C_4lines_7650_MeOH-cells_P14,GGTGCCGCCAGCG,P14,MeOH-cells,NALM6,,,,
PD212_scifi_2C_4lines_7650_MeOH-cells_P16,GCGCGTTACTCAG,P16,MeOH-cells,NALM6,,,,
PD212_scifi_2C_4lines_7650_MeOH-cells_P18,GTGATTGATGGAG,P18,MeOH-cells,NALM6,,,,
PD212_scifi_2C_4lines_7650_MeOH-cells_P20,GGTTACGGGCCGG,P20,MeOH-cells,NALM6,,,,
PD212_scifi_2C_4lines_7650_MeOH-cells_P22,GACCAGCATACAG,P22,MeOH-cells,NALM6,,,,
PD212_scifi_2C_4lines_7650_MeOH-cells_P24,GCGAGTTTAATGG,P24,MeOH-cells,NALM6,,,,
