protocol_version,flavour,barcode_type,reverse,exclude,oligo_ID,barcode_sequence,plate_well
V2018-09-17,,round1,FALSE,FALSE,22-5_RT_001,AGTGATTAGCA,A01
V2018-09-17,,round1,FALSE,FALSE,22-5_RT_002,GAATCCCCCTA,A02
V2018-09-17,,round1,FALSE,FALSE,22-5_RT_003,CCTGGGAAACT,A03
V2018-09-17,,round1,FALSE,FALSE,22-5_RT_004,TACCTCCCAGG,A04
V2018-09-17,,round1,FALSE,FALSE,22-5_RT_005,ATTTGTGGTAT,A05
V2018-09-17,,round1,FALSE,FALSE,22-5_RT_006,CCCGAGAGATC,A06
V2018-09-17,,round1,FALSE,FALSE,22-5_RT_007,GAGTATAGGGT,A07
V2018-09-17,,round1,FALSE,FALSE,22-5_RT_008,TCTTAATTGAG,A08
V2018-09-17,,round1,FALSE,FALSE,22-5_RT_009,ACGTTCTGTCG,A09
V2018-09-17,,round1,FALSE,FALSE,22-5_RT_010,CATAATGGCGA,A10
V2018-09-17,,round1,FALSE,FALSE,22-5_RT_011,GGCCGGAACAT,A11
V2018-09-17,,round1,FALSE,FALSE,22-5_RT_012,TCACTTCAAGA,A12
V2018-09-17,,round1,FALSE,FALSE,22-5_RT_013,AGCTGGCCTTC,B01
V2018-09-17,,round1,FALSE,FALSE,22-5_RT_014,CTGCACATTGG,B02
V2018-09-17,,round1,FALSE,FALSE,22-5_RT_015,GGTCCTTCGAT,B03
V2018-09-17,,round1,FALSE,FALSE,22-5_RT_016,TTCGCACCCGA,B04
V2018-09-17,,round1,FALSE,FALSE,22-5_RT_017,CCGTAAATTAC,B05
V2018-09-17,,round1,FALSE,FALSE,22-5_RT_018,GTAGTCGATAT,B06
V2018-09-17,,round1,FALSE,FALSE,22-5_RT_019,TGTAAGAATCA,B07
V2018-09-17,,round1,FALSE,FALSE,22-5_RT_020,AGGCCCGCCGT,B08
V2018-09-17,,round1,FALSE,FALSE,22-5_RT_021,CTCCACGCAAG,B09
V2018-09-17,,round1,FALSE,FALSE,22-5_RT_022,GTCTTTGATTA,B10
V2018-09-17,,round1,FALSE,FALSE,22-5_RT_023,TAGAGCCCGCC,B11
V2018-09-17,,round1,FALSE,FALSE,22-5_RT_024,AGAAATGGAGG,B12
V2018-09-17,,round1,FALSE,FALSE,22-5_RT_025,CAGCGCTGGTT,C01
V2018-09-17,,round1,FALSE,FALSE,22-5_RT_026,GTTGACGAATA,C02
V2018-09-17,,round1,FALSE,FALSE,22-5_RT_027,TGCATCAGCGC,C03
V2018-09-17,,round1,FALSE,FALSE,22-5_RT_028,AGCCATATGAG,C04
V2018-09-17,,round1,FALSE,FALSE,22-5_RT_029,CCTGCCCCTGT,C05
V2018-09-17,,round1,FALSE,FALSE,22-5_RT_030,GGTATAAAACC,C06
V2018-09-17,,round1,FALSE,FALSE,22-5_RT_031,TAAAGTCATGC,C07
V2018-09-17,,round1,FALSE,FALSE,22-5_RT_032,AGAACTCAGAA,C08
V2018-09-17,,round1,FALSE,FALSE,22-5_RT_033,CAGCTTAATCG,C09
V2018-09-17,,round1,FALSE,FALSE,22-5_RT_034,GGCTTAAGAGA,C10
V2018-09-17,,round1,FALSE,FALSE,22-5_RT_035,TCACCTGTCGG,C11
V2018-09-17,,round1,FALSE,FALSE,22-5_RT_036,ATAGTGATACT,C12
V2018-09-17,,round1,FALSE,FALSE,22-5_RT_037,CATCAGCGAAC,D01
V2018-09-17,,round1,FALSE,FALSE,22-5_RT_038,GCGCCATGGGA,D02
V2018-09-17,,round1,FALSE,FALSE,22-5_RT_039,TGTTGAACTCC,D03
V2018-09-17,,round1,FALSE,FALSE,22-5_RT_040,ATATACGCAGT,D04
V2018-09-17,,round1,FALSE,FALSE,22-5_RT_041,CGCACGACGTA,D05
V2018-09-17,,round1,FALSE,FALSE,22-5_RT_042,GGGACAGAAGG,D06
V2018-09-17,,round1,FALSE,FALSE,22-5_RT_043,TTAACAAGTAT,D07
V2018-09-17,,round1,FALSE,FALSE,22-5_RT_044,ACTCCTGGGTA,D08
V2018-09-17,,round1,FALSE,FALSE,22-5_RT_045,CAGAAAACCCC,D09
V2018-09-17,,round1,FALSE,FALSE,22-5_RT_046,GCACGAGCAGT,D10
V2018-09-17,,round1,FALSE,FALSE,22-5_RT_047,TATTATGCTTC,D11
V2018-09-17,,round1,FALSE,FALSE,22-5_RT_048,AGCGACTGTAT,D12
V2018-09-17,,round1,FALSE,FALSE,22-5_RT_049,CCTTGCGACAG,E01
V2018-09-17,,round1,FALSE,FALSE,22-5_RT_050,GTTAGATTGCA,E02
V2018-09-17,,round1,FALSE,FALSE,22-5_RT_051,TAAATACCATC,E03
V2018-09-17,,round1,FALSE,FALSE,22-5_RT_052,ATATTTTTTAG,E04
V2018-09-17,,round1,FALSE,FALSE,22-5_RT_053,CCCTAAACGCT,E05
V2018-09-17,,round1,FALSE,FALSE,22-5_RT_054,GATTGTTAGGA,E06
V2018-09-17,,round1,FALSE,FALSE,22-5_RT_055,TACCGAGTCTC,E07
V2018-09-17,,round1,FALSE,FALSE,22-5_RT_056,AGAACAAATTG,E08
V2018-09-17,,round1,FALSE,FALSE,22-5_RT_057,CTTGATCTCAT,E09
V2018-09-17,,round1,FALSE,FALSE,22-5_RT_058,GCCACGCGTTA,E10
V2018-09-17,,round1,FALSE,FALSE,22-5_RT_059,TATAGATACGG,E11
V2018-09-17,,round1,FALSE,FALSE,22-5_RT_060,ATACCCAGCCA,E12
V2018-09-17,,round1,FALSE,FALSE,30-7_RT_061,CCCGGATGTAC,F01
V2018-09-17,,round1,FALSE,FALSE,30-7_RT_062,GATCTCGGCTT,F02
V2018-09-17,,round1,FALSE,FALSE,30-7_RT_063,TAGCCGCTTTG,F03
V2018-09-17,,round1,FALSE,FALSE,30-7_RT_064,CTAAATACAGC,F04
V2018-09-17,,round1,FALSE,FALSE,30-7_RT_065,GGGTTTTACCA,F05
V2018-09-17,,round1,FALSE,FALSE,30-7_RT_066,ATATCCATTGC,F06
V2018-09-17,,round1,FALSE,FALSE,30-7_RT_067,CTCCCGAGAGT,F07
V2018-09-17,,round1,FALSE,FALSE,30-7_RT_068,GAATATCTCCG,F08
V2018-09-17,,round1,FALSE,FALSE,30-7_RT_069,TACTAACCCAC,F09
V2018-09-17,,round1,FALSE,FALSE,30-7_RT_070,AAATGATACAA,F10
V2018-09-17,,round1,FALSE,FALSE,30-7_RT_071,CCCCATTATTT,F11
V2018-09-17,,round1,FALSE,FALSE,30-7_RT_072,GAGTCGCGACG,F12
V2018-09-17,,round1,FALSE,FALSE,30-7_RT_073,TGGTTGTGGCC,G01
V2018-09-17,,round1,FALSE,FALSE,30-7_RT_074,ATTCAAGGAAA,G02
V2018-09-17,,round1,FALSE,FALSE,30-7_RT_075,CCAAGATCTGG,G03
V2018-09-17,,round1,FALSE,FALSE,30-7_RT_076,ATACTGTATCA,G04
V2018-09-17,,round1,FALSE,FALSE,30-7_RT_077,CCGATTCGTGC,G05
V2018-09-17,,round1,FALSE,FALSE,30-7_RT_078,TGACAACGCTG,G06
V2018-09-17,,round1,FALSE,FALSE,30-7_RT_079,GGCTGTCTTAT,G07
V2018-09-17,,round1,FALSE,FALSE,30-7_RT_080,ACCCTGGCCTG,G08
V2018-09-17,,round1,FALSE,FALSE,30-7_RT_081,CGTACGCTTAT,G09
V2018-09-17,,round1,FALSE,FALSE,30-7_RT_082,TTGCACTTAAT,G10
V2018-09-17,,round1,FALSE,FALSE,30-7_RT_083,GACAAAGAGAA,G11
V2018-09-17,,round1,FALSE,FALSE,30-7_RT_084,AACCACAGCAC,G12
V2018-09-17,,round1,FALSE,FALSE,30-7_RT_085,CTTATCTAGAG,H01
V2018-09-17,,round1,FALSE,FALSE,30-7_RT_086,TAATGTGGTCA,H02
V2018-09-17,,round1,FALSE,FALSE,30-7_RT_087,GCGCGCGAGCT,H03
V2018-09-17,,round1,FALSE,FALSE,30-7_RT_088,TCCATGTGTGT,H04
V2018-09-17,,round1,FALSE,FALSE,30-7_RT_089,GGAGGAATCCA,H05
V2018-09-17,,round1,FALSE,FALSE,30-7_RT_090,ATCAAAATAGG,H06
V2018-09-17,,round1,FALSE,FALSE,30-7_RT_091,CAAGACTGCCA,H07
V2018-09-17,,round1,FALSE,FALSE,30-7_RT_092,TAGGATGGACC,H08
V2018-09-17,,round1,FALSE,FALSE,30-7_RT_093,GATCGGACCTA,H09
V2018-09-17,,round1,FALSE,FALSE,30-7_RT_094,CCCAAAGGAAT,H10
V2018-09-17,,round1,FALSE,FALSE,30-7_RT_095,TACCTAACGCA,H11
V2018-09-17,,round1,FALSE,FALSE,30-7_RT_096,GTCAGGTTCAG,H12
V2018-09-17,,round2,FALSE,FALSE,30-7_PCRi7sr2_001,ACCTCCAACCC,A01
V2018-09-17,,round2,FALSE,FALSE,30-7_PCRi7sr2_002,CGTTTCAGCCA,A02
V2018-09-17,,round2,FALSE,FALSE,30-7_PCRi7sr2_003,TAAGGTTAGAT,A03
V2018-09-17,,round2,FALSE,FALSE,30-7_PCRi7sr2_004,ATATACCAGAC,A04
V2018-09-17,,round2,FALSE,FALSE,30-7_PCRi7sr2_005,GGAGAGACTGT,A05
V2018-09-17,,round2,FALSE,FALSE,30-7_PCRi7sr2_006,CTCATCTTAGC,A06
V2018-09-17,,round2,FALSE,FALSE,30-7_PCRi7sr2_007,AATTTGGCCGT,A07
V2018-09-17,,round2,FALSE,FALSE,30-7_PCRi7sr2_008,TTAAGGAAGTA,A08
V2018-09-17,,round2,FALSE,FALSE,30-7_PCRi7sr2_009,ACCGATCCAGA,A09
V2018-09-17,,round2,FALSE,FALSE,30-7_PCRi7sr2_010,CAACGGGACTG,A10
V2018-09-17,,round2,FALSE,FALSE,30-7_PCRi7sr2_011,TCCAGTACAAC,A11
V2018-09-17,,round2,FALSE,FALSE,30-7_PCRi7sr2_012,GAGGACGATGC,A12
V2018-09-17,,round2,FALSE,FALSE,30-7_PCRi7sr2_013,AAGGGTCGCTT,B01
V2018-09-17,,round2,FALSE,FALSE,30-7_PCRi7sr2_014,CCCATGTAGCA,B02
V2018-09-17,,round2,FALSE,FALSE,30-7_PCRi7sr2_015,GTGAAGTGGAC,B03
V2018-09-17,,round2,FALSE,FALSE,30-7_PCRi7sr2_016,TAATAATTACA,B04
V2018-09-17,,round2,FALSE,FALSE,30-7_PCRi7sr2_017,GCTGTAACGTG,B05
V2018-09-17,,round2,FALSE,FALSE,30-7_PCRi7sr2_018,AAAAGCTGCGT,B06
V2018-09-17,,round2,FALSE,FALSE,30-7_PCRi7sr2_019,CGCGCAAACAG,B07
V2018-09-17,,round2,FALSE,FALSE,30-7_PCRi7sr2_020,TAATTTTCCCC,B08
V2018-09-17,,round2,FALSE,FALSE,30-7_PCRi7sr2_021,GGATACTGGTT,B09
V2018-09-17,,round2,FALSE,FALSE,30-7_PCRi7sr2_022,AGGGGGAAGCG,B10
V2018-09-17,,round2,FALSE,FALSE,30-7_PCRi7sr2_023,CAACGCCAAAA,B11
V2018-09-17,,round2,FALSE,FALSE,30-7_PCRi7sr2_024,ACGAAGCCTGT,B12
V2018-09-17,,round2,FALSE,FALSE,30-7_PCRi7sr2_025,TACGTTGCCAG,C01
V2018-09-17,,round2,FALSE,FALSE,30-7_PCRi7sr2_026,AATTAACTTAT,C02
V2018-09-17,,round2,FALSE,FALSE,30-7_PCRi7sr2_027,CTCGGTATGGG,C03
V2018-09-17,,round2,FALSE,FALSE,30-7_PCRi7sr2_028,TCGTGTGAATT,C04
V2018-09-17,,round2,FALSE,FALSE,30-7_PCRi7sr2_029,ATAATTAGTTC,C05
V2018-09-17,,round2,FALSE,FALSE,30-7_PCRi7sr2_030,GGCTAATTCCT,C06
V2018-09-17,,round2,FALSE,FALSE,30-7_PCRi7sr2_031,AGAAGGTCGTG,C07
V2018-09-17,,round2,FALSE,FALSE,30-7_PCRi7sr2_032,CGTGAGGGGGT,C08
V2018-09-17,,round2,FALSE,FALSE,30-7_PCRi7sr2_033,TAGGCTAAAGG,C09
V2018-09-17,,round2,FALSE,FALSE,30-7_PCRi7sr2_034,GAAGTGGCTTC,C10
V2018-09-17,,round2,FALSE,FALSE,30-7_PCRi7sr2_035,ATCGCATAGCG,C11
V2018-09-17,,round2,FALSE,FALSE,30-7_PCRi7sr2_036,CTCCTAAGCTC,C12
V2018-09-17,,round2,FALSE,FALSE,30-7_PCRi7sr2_037,AAATCATGATT,D01
V2018-09-17,,round2,FALSE,FALSE,30-7_PCRi7sr2_038,CGCATACGGAA,D02
V2018-09-17,,round2,FALSE,FALSE,30-7_PCRi7sr2_039,TGCAGCCACAG,D03
V2018-09-17,,round2,FALSE,FALSE,30-7_PCRi7sr2_040,ACCTGGTGCTT,D04
V2018-09-17,,round2,FALSE,FALSE,30-7_PCRi7sr2_041,GTTTTCATAAG,D05
V2018-09-17,,round2,FALSE,FALSE,30-7_PCRi7sr2_042,AAACTGAGATG,D06
V2018-09-17,,round2,FALSE,FALSE,30-7_PCRi7sr2_043,CAGTGCGCTGT,D07
V2018-09-17,,round2,FALSE,FALSE,30-7_PCRi7sr2_044,TGAGTGGGCCA,D08
V2018-09-17,,round2,FALSE,FALSE,30-7_PCRi7sr2_045,ATTCTCTCAAC,D09
V2018-09-17,,round2,FALSE,FALSE,30-7_PCRi7sr2_046,CCTCCTTTACG,D10
V2018-09-17,,round2,FALSE,FALSE,30-7_PCRi7sr2_047,AGAGAACTTTA,D11
V2018-09-17,,round2,FALSE,FALSE,30-7_PCRi7sr2_048,TACTACCAGGT,D12
V2018-09-17,,round2,FALSE,FALSE,30-7_PCRi7sr2_049,ATTGCTACATC,E01
V2018-09-17,,round2,FALSE,FALSE,30-7_PCRi7sr2_050,GGAGTCACACG,E02
V2018-09-17,,round2,FALSE,FALSE,30-7_PCRi7sr2_051,CGGTGGAGCTC,E03
V2018-09-17,,round2,FALSE,FALSE,30-7_PCRi7sr2_052,TTCGGCCCAAT,E04
V2018-09-17,,round2,FALSE,FALSE,30-7_PCRi7sr2_053,ACGAGACACCC,E05
V2018-09-17,,round2,FALSE,FALSE,30-7_PCRi7sr2_054,GTCTAGACAAA,E06
V2018-09-17,,round2,FALSE,FALSE,30-7_PCRi7sr2_055,ACCGTACGTTG,E07
V2018-09-17,,round2,FALSE,FALSE,30-7_PCRi7sr2_056,CTAACCCTCTC,E08
V2018-09-17,,round2,FALSE,FALSE,30-7_PCRi7sr2_057,TAGATTTAACT,E09
V2018-09-17,,round2,FALSE,FALSE,30-7_PCRi7sr2_058,AGATTAGAGTA,E10
V2018-09-17,,round2,FALSE,FALSE,30-7_PCRi7sr2_059,GGGACGTTTTC,E11
V2018-09-17,,round2,FALSE,FALSE,30-7_PCRi7sr2_060,TATACCAAGAA,E12
V2018-09-17,,round2,FALSE,FALSE,30-7_PCRi7sr2_061,CGGCGAGCCAG,F01
V2018-09-17,,round2,FALSE,FALSE,30-7_PCRi7sr2_062,ATTTGAAAACG,F02
V2018-09-17,,round2,FALSE,FALSE,30-7_PCRi7sr2_063,CCCTTTCTGGA,F03
V2018-09-17,,round2,FALSE,FALSE,30-7_PCRi7sr2_064,TGACTGCAGCG,F04
V2018-09-17,,round2,FALSE,FALSE,30-7_PCRi7sr2_065,ACGATCAAGTT,F05
V2018-09-17,,round2,FALSE,FALSE,30-7_PCRi7sr2_066,GAAATGCTGAC,F06
V2018-09-17,,round2,FALSE,FALSE,30-7_PCRi7sr2_067,GCTACCTGAAG,F07
V2018-09-17,,round2,FALSE,FALSE,30-7_PCRi7sr2_068,AGGAACTACAC,F08
V2018-09-17,,round2,FALSE,FALSE,30-7_PCRi7sr2_069,TCGGCCGGTCA,F09
V2018-09-17,,round2,FALSE,FALSE,30-7_PCRi7sr2_070,TTTTCCAGCGT,F10
V2018-09-17,,round2,FALSE,FALSE,30-7_PCRi7sr2_071,AATCGTAGCCG,F11
V2018-09-17,,round2,FALSE,FALSE,30-7_PCRi7sr2_072,GTAAACTACGA,F12
V2018-09-17,,round2,FALSE,FALSE,30-7_PCRi7sr2_073,ACGAGTATCTG,G01
V2018-09-17,,round2,FALSE,FALSE,30-7_PCRi7sr2_074,CAAAGGGTGGT,G02
V2018-09-17,,round2,FALSE,FALSE,30-7_PCRi7sr2_075,TAGGTGAGAAA,G03
V2018-09-17,,round2,FALSE,FALSE,30-7_PCRi7sr2_076,AGCGGATTAGT,G04
V2018-09-17,,round2,FALSE,FALSE,30-7_PCRi7sr2_077,GTTTGTATGTC,G05
V2018-09-17,,round2,FALSE,FALSE,30-7_PCRi7sr2_078,AACACATCTGA,G06
V2018-09-17,,round2,FALSE,FALSE,30-7_PCRi7sr2_079,CTACCAATGAC,G07
V2018-09-17,,round2,FALSE,FALSE,30-7_PCRi7sr2_080,TGAGGGCTCGG,G08
V2018-09-17,,round2,FALSE,FALSE,30-7_PCRi7sr2_081,AAATGTGTCGC,G09
V2018-09-17,,round2,FALSE,FALSE,30-7_PCRi7sr2_082,GCCCACACCGG,G10
V2018-09-17,,round2,FALSE,FALSE,30-7_PCRi7sr2_083,CCGGTAGCTCC,G11
V2018-09-17,,round2,FALSE,FALSE,30-7_PCRi7sr2_084,AAGAATTATGG,G12
V2018-09-17,,round2,FALSE,FALSE,30-7_PCRi7sr2_085,TCTCGTCATAT,H01
V2018-09-17,,round2,FALSE,FALSE,30-7_PCRi7sr2_086,GACTTTTGGTC,H02
V2018-09-17,,round2,FALSE,FALSE,30-7_PCRi7sr2_087,ATTTCGTTCCA,H03
V2018-09-17,,round2,FALSE,FALSE,30-7_PCRi7sr2_088,TCCCGGAGCCA,H04
V2018-09-17,,round2,FALSE,FALSE,30-7_PCRi7sr2_089,GGGGGCCGGAC,H05
V2018-09-17,,round2,FALSE,FALSE,30-7_PCRi7sr2_090,ACTACGTTTGG,H06
V2018-09-17,,round2,FALSE,FALSE,30-7_PCRi7sr2_091,CTTTAATCTAA,H07
V2018-09-17,,round2,FALSE,FALSE,30-7_PCRi7sr2_092,AGGCAAAAATC,H08
V2018-09-17,,round2,FALSE,FALSE,30-7_PCRi7sr2_093,TTTGATTCTCG,H09
V2018-09-17,,round2,FALSE,FALSE,30-7_PCRi7sr2_094,AGGGACATCGA,H10
V2018-09-17,,round2,FALSE,FALSE,30-7_PCRi7sr2_095,GATCCTTACCC,H11
V2018-09-17,,round2,FALSE,FALSE,30-7_PCRi7sr2_096,CGATCCTCGCG,H12
