sample_name,combinatorial_barcode,plate_well,material_type
PD200_2_10xbuffer_A01,AAGTGATTAGCAA,A01,nuclei
PD200_2_10xbuffer_A03,AGAATCCCCCTAA,A03,nuclei
PD200_2_10xbuffer_A05,ACCTGGGAAACTA,A05,nuclei
PD200_2_10xbuffer_A07,ATACCTCCCAGGA,A07,nuclei
PD200_2_10xbuffer_A09,AATTTGTGGTATA,A09,nuclei
PD200_2_10xbuffer_A11,ACCCGAGAGATCA,A11,nuclei
PD200_2_10xbuffer_A13,AGAGTATAGGGTA,A13,nuclei
PD200_2_10xbuffer_A15,ATCTTAATTGAGA,A15,nuclei
PD200_2_10xbuffer_A17,AACGTTCTGTCGA,A17,nuclei
PD200_2_10xbuffer_A19,ACATAATGGCGAA,A19,nuclei
PD200_2_10xbuffer_A21,AGGCCGGAACATA,A21,nuclei
PD200_2_10xbuffer_A23,ATCACTTCAAGAA,A23,nuclei
PD200_2_10xbuffer_B01,AAGCTGGCCTTCA,B01,nuclei
PD200_2_10xbuffer_B03,ACTGCACATTGGA,B03,nuclei
PD200_2_10xbuffer_B05,AGGTCCTTCGATA,B05,nuclei
PD200_2_10xbuffer_B07,ATTCGCACCCGAA,B07,nuclei
PD200_2_10xbuffer_B09,ACCGTAAATTACA,B09,nuclei
PD200_2_10xbuffer_B11,AGTAGTCGATATA,B11,nuclei
PD200_2_10xbuffer_B13,ATGTAAGAATCAA,B13,nuclei
PD200_2_10xbuffer_B15,AAGGCCCGCCGTA,B15,nuclei
PD200_2_10xbuffer_B17,ACTCCACGCAAGA,B17,nuclei
PD200_2_10xbuffer_B19,AGTCTTTGATTAA,B19,nuclei
PD200_2_10xbuffer_B21,ATAGAGCCCGCCA,B21,nuclei
PD200_2_10xbuffer_B23,AAGAAATGGAGGA,B23,nuclei
PD200_2_10xbuffer_C01,TCAGCGCTGGTTA,C01,nuclei
PD200_2_10xbuffer_C03,TGTTGACGAATAA,C03,nuclei
PD200_2_10xbuffer_C05,TTGCATCAGCGCA,C05,nuclei
PD200_2_10xbuffer_C07,TAGCCATATGAGA,C07,nuclei
PD200_2_10xbuffer_C09,TCCTGCCCCTGTA,C09,nuclei
PD200_2_10xbuffer_C11,TGGTATAAAACCA,C11,nuclei
PD200_2_10xbuffer_C13,TTAAAGTCATGCA,C13,nuclei
PD200_2_10xbuffer_C15,TAGAACTCAGAAA,C15,nuclei
PD200_2_10xbuffer_C17,TCAGCTTAATCGC,C17,nuclei
PD200_2_10xbuffer_C19,TGGCTTAAGAGAC,C19,nuclei
PD200_2_10xbuffer_C21,TTCACCTGTCGGC,C21,nuclei
PD200_2_10xbuffer_C23,TATAGTGATACTC,C23,nuclei
PD200_2_10xbuffer_D01,TCATCAGCGAACC,D01,nuclei
PD200_2_10xbuffer_D03,TGCGCCATGGGAC,D03,nuclei
PD200_2_10xbuffer_D05,TTGTTGAACTCCC,D05,nuclei
PD200_2_10xbuffer_D07,TATATACGCAGTC,D07,nuclei
PD200_2_10xbuffer_D09,TCGCACGACGTAC,D09,nuclei
PD200_2_10xbuffer_D11,TGGGACAGAAGGC,D11,nuclei
PD200_2_10xbuffer_D13,TTTAACAAGTATC,D13,nuclei
PD200_2_10xbuffer_D15,TACTCCTGGGTAC,D15,nuclei
PD200_2_10xbuffer_D17,TCAGAAAACCCCC,D17,nuclei
PD200_2_10xbuffer_D19,TGCACGAGCAGTC,D19,nuclei
PD200_2_10xbuffer_D21,TTATTATGCTTCC,D21,nuclei
PD200_2_10xbuffer_D23,TAGCGACTGTATC,D23,nuclei
PD200_2_10xbuffer_E01,CCCTTGCGACAGC,E01,nuclei
PD200_2_10xbuffer_E03,CGTTAGATTGCAC,E03,nuclei
PD200_2_10xbuffer_E05,CTAAATACCATCC,E05,nuclei
PD200_2_10xbuffer_E07,CATATTTTTTAGC,E07,nuclei
PD200_2_10xbuffer_E09,CCCCTAAACGCTC,E09,nuclei
PD200_2_10xbuffer_E11,CGATTGTTAGGAC,E11,nuclei
PD200_2_10xbuffer_E13,CTACCGAGTCTCC,E13,nuclei
PD200_2_10xbuffer_E15,CAGAACAAATTGC,E15,nuclei
PD200_2_10xbuffer_E17,CCTTGATCTCATC,E17,nuclei
PD200_2_10xbuffer_E19,CGCCACGCGTTAC,E19,nuclei
PD200_2_10xbuffer_E21,CTATAGATACGGC,E21,nuclei
PD200_2_10xbuffer_E23,CATACCCAGCCAC,E23,nuclei
PD200_2_10xbuffer_F01,CCCCGGATGTACC,F01,nuclei
PD200_2_10xbuffer_F03,CGATCTCGGCTTC,F03,nuclei
PD200_2_10xbuffer_F05,CTAGCCGCTTTGC,F05,nuclei
PD200_2_10xbuffer_F07,CCTAAATACAGCC,F07,nuclei
PD200_2_10xbuffer_F09,CGGGTTTTACCAG,F09,nuclei
PD200_2_10xbuffer_F11,CATATCCATTGCG,F11,nuclei
PD200_2_10xbuffer_F13,CCTCCCGAGAGTG,F13,nuclei
PD200_2_10xbuffer_F15,CGAATATCTCCGG,F15,nuclei
PD200_2_10xbuffer_F17,CTACTAACCCACG,F17,nuclei
PD200_2_10xbuffer_F19,CAAATGATACAAG,F19,nuclei
PD200_2_10xbuffer_F21,CCCCCATTATTTG,F21,nuclei
PD200_2_10xbuffer_F23,CGAGTCGCGACGG,F23,nuclei
PD200_2_10xbuffer_G01,GTGGTTGTGGCCG,G01,nuclei
PD200_2_10xbuffer_G03,GATTCAAGGAAAG,G03,nuclei
PD200_2_10xbuffer_G05,GCCAAGATCTGGG,G05,nuclei
PD200_2_10xbuffer_G07,GATACTGTATCAG,G07,nuclei
PD200_2_10xbuffer_G09,GCCGATTCGTGCG,G09,nuclei
PD200_2_10xbuffer_G11,GTGACAACGCTGG,G11,nuclei
PD200_2_10xbuffer_G13,GGGCTGTCTTATG,G13,nuclei
PD200_2_10xbuffer_G15,GACCCTGGCCTGG,G15,nuclei
PD200_2_10xbuffer_G17,GCGTACGCTTATG,G17,nuclei
PD200_2_10xbuffer_G19,GTTGCACTTAATG,G19,nuclei
PD200_2_10xbuffer_G21,GGACAAAGAGAAG,G21,nuclei
PD200_2_10xbuffer_G23,GAACCACAGCACG,G23,nuclei
PD200_2_10xbuffer_H01,GCTTATCTAGAGG,H01,nuclei
PD200_2_10xbuffer_H03,GTAATGTGGTCAG,H03,nuclei
PD200_2_10xbuffer_H05,GGCGCGCGAGCTG,H05,nuclei
PD200_2_10xbuffer_H07,GTCCATGTGTGTG,H07,nuclei
PD200_2_10xbuffer_H09,GGGAGGAATCCAG,H09,nuclei
PD200_2_10xbuffer_H11,GATCAAAATAGGG,H11,nuclei
PD200_2_10xbuffer_H13,GCAAGACTGCCAG,H13,nuclei
PD200_2_10xbuffer_H15,GTAGGATGGACCG,H15,nuclei
PD200_2_10xbuffer_H17,GGATCGGACCTAG,H17,nuclei
PD200_2_10xbuffer_H19,GCCCAAAGGAATG,H19,nuclei
PD200_2_10xbuffer_H21,GTACCTAACGCAG,H21,nuclei
PD200_2_10xbuffer_H23,GGTCAGGTTCAGG,H23,nuclei
PD200_2_10xbuffer_A02,AACCTCCAACCCA,A02,cells
PD200_2_10xbuffer_A04,ACGTTTCAGCCAA,A04,cells
PD200_2_10xbuffer_A06,ATAAGGTTAGATA,A06,cells
PD200_2_10xbuffer_A08,AATATACCAGACA,A08,cells
PD200_2_10xbuffer_A10,AGGAGAGACTGTA,A10,cells
PD200_2_10xbuffer_A12,ACTCATCTTAGCA,A12,cells
PD200_2_10xbuffer_A14,AAATTTGGCCGTA,A14,cells
PD200_2_10xbuffer_A16,ATTAAGGAAGTAA,A16,cells
PD200_2_10xbuffer_A18,AACCGATCCAGAA,A18,cells
PD200_2_10xbuffer_A20,ACAACGGGACTGA,A20,cells
PD200_2_10xbuffer_A22,ATCCAGTACAACA,A22,cells
PD200_2_10xbuffer_A24,AGAGGACGATGCA,A24,cells
PD200_2_10xbuffer_B02,AAAGGGTCGCTTA,B02,cells
PD200_2_10xbuffer_B04,ACCCATGTAGCAA,B04,cells
PD200_2_10xbuffer_B06,AGTGAAGTGGACA,B06,cells
PD200_2_10xbuffer_B08,ATAATAATTACAA,B08,cells
PD200_2_10xbuffer_B10,AGCTGTAACGTGA,B10,cells
PD200_2_10xbuffer_B12,AAAAAGCTGCGTA,B12,cells
PD200_2_10xbuffer_B14,ACGCGCAAACAGA,B14,cells
PD200_2_10xbuffer_B16,ATAATTTTCCCCA,B16,cells
PD200_2_10xbuffer_B18,AGGATACTGGTTA,B18,cells
PD200_2_10xbuffer_B20,AAGGGGGAAGCGA,B20,cells
PD200_2_10xbuffer_B22,ACAACGCCAAAAA,B22,cells
PD200_2_10xbuffer_B24,AACGAAGCCTGTA,B24,cells
PD200_2_10xbuffer_C02,TTACGTTGCCAGA,C02,cells
PD200_2_10xbuffer_C04,TAATTAACTTATA,C04,cells
PD200_2_10xbuffer_C06,TCTCGGTATGGGA,C06,cells
PD200_2_10xbuffer_C08,TTCGTGTGAATTA,C08,cells
PD200_2_10xbuffer_C10,TATAATTAGTTCA,C10,cells
PD200_2_10xbuffer_C12,TGGCTAATTCCTA,C12,cells
PD200_2_10xbuffer_C14,TAGAAGGTCGTGA,C14,cells
PD200_2_10xbuffer_C16,TCGTGAGGGGGTA,C16,cells
PD200_2_10xbuffer_C18,TTAGGCTAAAGGC,C18,cells
PD200_2_10xbuffer_C20,TGAAGTGGCTTCC,C20,cells
PD200_2_10xbuffer_C22,TATCGCATAGCGC,C22,cells
PD200_2_10xbuffer_C24,TCTCCTAAGCTCC,C24,cells
PD200_2_10xbuffer_D02,TAAATCATGATTC,D02,cells
PD200_2_10xbuffer_D04,TCGCATACGGAAC,D04,cells
PD200_2_10xbuffer_D06,TTGCAGCCACAGC,D06,cells
PD200_2_10xbuffer_D08,TACCTGGTGCTTC,D08,cells
PD200_2_10xbuffer_D10,TGTTTTCATAAGC,D10,cells
PD200_2_10xbuffer_D12,TAAACTGAGATGC,D12,cells
PD200_2_10xbuffer_D14,TCAGTGCGCTGTC,D14,cells
PD200_2_10xbuffer_D16,TTGAGTGGGCCAC,D16,cells
PD200_2_10xbuffer_D18,TATTCTCTCAACC,D18,cells
PD200_2_10xbuffer_D20,TCCTCCTTTACGC,D20,cells
PD200_2_10xbuffer_D22,TAGAGAACTTTAC,D22,cells
PD200_2_10xbuffer_D24,TTACTACCAGGTC,D24,cells
PD200_2_10xbuffer_E02,CATTGCTACATCC,E02,cells
PD200_2_10xbuffer_E04,CGGAGTCACACGC,E04,cells
PD200_2_10xbuffer_E06,CCGGTGGAGCTCC,E06,cells
PD200_2_10xbuffer_E08,CTTCGGCCCAATC,E08,cells
PD200_2_10xbuffer_E10,CACGAGACACCCC,E10,cells
PD200_2_10xbuffer_E12,CGTCTAGACAAAC,E12,cells
PD200_2_10xbuffer_E14,CACCGTACGTTGC,E14,cells
PD200_2_10xbuffer_E16,CCTAACCCTCTCC,E16,cells
PD200_2_10xbuffer_E18,CTAGATTTAACTC,E18,cells
PD200_2_10xbuffer_E20,CAGATTAGAGTAC,E20,cells
PD200_2_10xbuffer_E22,CGGGACGTTTTCC,E22,cells
PD200_2_10xbuffer_E24,CTATACCAAGAAC,E24,cells
PD200_2_10xbuffer_F02,CCGGCGAGCCAGC,F02,cells
PD200_2_10xbuffer_F04,CATTTGAAAACGC,F04,cells
PD200_2_10xbuffer_F06,CCCCTTTCTGGAC,F06,cells
PD200_2_10xbuffer_F08,CTGACTGCAGCGC,F08,cells
PD200_2_10xbuffer_F10,CACGATCAAGTTG,F10,cells
PD200_2_10xbuffer_F12,CGAAATGCTGACG,F12,cells
PD200_2_10xbuffer_F14,CGCTACCTGAAGG,F14,cells
PD200_2_10xbuffer_F16,CAGGAACTACACG,F16,cells
PD200_2_10xbuffer_F18,CTCGGCCGGTCAG,F18,cells
PD200_2_10xbuffer_F20,CTTTTCCAGCGTG,F20,cells
PD200_2_10xbuffer_F22,CAATCGTAGCCGG,F22,cells
PD200_2_10xbuffer_F24,CGTAAACTACGAG,F24,cells
PD200_2_10xbuffer_G02,GACGAGTATCTGG,G02,cells
PD200_2_10xbuffer_G04,GCAAAGGGTGGTG,G04,cells
PD200_2_10xbuffer_G06,GTAGGTGAGAAAG,G06,cells
PD200_2_10xbuffer_G08,GAGCGGATTAGTG,G08,cells
PD200_2_10xbuffer_G10,GGTTTGTATGTCG,G10,cells
PD200_2_10xbuffer_G12,GAACACATCTGAG,G12,cells
PD200_2_10xbuffer_G14,GCTACCAATGACG,G14,cells
PD200_2_10xbuffer_G16,GTGAGGGCTCGGG,G16,cells
PD200_2_10xbuffer_G18,GAAATGTGTCGCG,G18,cells
PD200_2_10xbuffer_G20,GGCCCACACCGGG,G20,cells
PD200_2_10xbuffer_G22,GCCGGTAGCTCCG,G22,cells
PD200_2_10xbuffer_G24,GAAGAATTATGGG,G24,cells
PD200_2_10xbuffer_H02,GTCTCGTCATATG,H02,cells
PD200_2_10xbuffer_H04,GGACTTTTGGTCG,H04,cells
PD200_2_10xbuffer_H06,GATTTCGTTCCAG,H06,cells
PD200_2_10xbuffer_H08,GTCCCGGAGCCAG,H08,cells
PD200_2_10xbuffer_H10,GGGGGGCCGGACG,H10,cells
PD200_2_10xbuffer_H12,GACTACGTTTGGG,H12,cells
PD200_2_10xbuffer_H14,GCTTTAATCTAAG,H14,cells
PD200_2_10xbuffer_H16,GAGGCAAAAATCG,H16,cells
PD200_2_10xbuffer_H18,GTTTGATTCTCGG,H18,cells
PD200_2_10xbuffer_H20,GAGGGACATCGAG,H20,cells
PD200_2_10xbuffer_H22,GGATCCTTACCCG,H22,cells
PD200_2_10xbuffer_H24,GCGATCCTCGCGG,H24,cells
PD200_2_10xbuffer_I01,ATATTGGCACTTA,I01,nuclei
PD200_2_10xbuffer_I03,AAAAGAATCGCCA,I03,nuclei
PD200_2_10xbuffer_I05,AGGAAGCCCATTA,I05,nuclei
PD200_2_10xbuffer_I07,ACCCCTTCGCAGA,I07,nuclei
PD200_2_10xbuffer_I09,ATGTCTATTCACA,I09,nuclei
PD200_2_10xbuffer_I11,AGAACGCTTTGAA,I11,nuclei
PD200_2_10xbuffer_I13,AAGGGACCCACCA,I13,nuclei
PD200_2_10xbuffer_I15,ACACATCGTTTTA,I15,nuclei
PD200_2_10xbuffer_I17,AATGGTTCTCCGA,I17,nuclei
PD200_2_10xbuffer_I19,ATGCCGCTGAAAA,I19,nuclei
PD200_2_10xbuffer_I21,AAACACTCTAGTA,I21,nuclei
PD200_2_10xbuffer_I23,ATCCTCGGGGTCA,I23,nuclei
PD200_2_10xbuffer_J01,AAGAATCGCTAGA,J01,nuclei
PD200_2_10xbuffer_J03,AGAAGTCAGGTAA,J03,nuclei
PD200_2_10xbuffer_J05,ACGCGGCTCATCA,J05,nuclei
PD200_2_10xbuffer_J07,AAACCCAAATATA,J07,nuclei
PD200_2_10xbuffer_J09,ATCTCAGAACTGA,J09,nuclei
PD200_2_10xbuffer_J11,AGCAATTAGGAGA,J11,nuclei
PD200_2_10xbuffer_J13,AAGTAAACGCGTA,J13,nuclei
PD200_2_10xbuffer_J15,ACATACAGCATGA,J15,nuclei
PD200_2_10xbuffer_J17,AACGCAGAGAGAA,J17,nuclei
PD200_2_10xbuffer_J19,ATGACGCGATTTA,J19,nuclei
PD200_2_10xbuffer_J21,AAACATTCACCAA,J21,nuclei
PD200_2_10xbuffer_J23,AGGCCTCATATTA,J23,nuclei
PD200_2_10xbuffer_K01,TGACGCTCACTGA,K01,nuclei
PD200_2_10xbuffer_K03,TCCGGGCGGAGCA,K03,nuclei
PD200_2_10xbuffer_K05,TTTCCCGTTTAAA,K05,nuclei
PD200_2_10xbuffer_K07,TGTAACTGAGTGA,K07,nuclei
PD200_2_10xbuffer_K09,TAACCTATGCCTA,K09,nuclei
PD200_2_10xbuffer_K11,TCCAAAGAACATA,K11,nuclei
PD200_2_10xbuffer_K13,TTCTCGGGTGACA,K13,nuclei
PD200_2_10xbuffer_K15,TGGTGTTGTTTTA,K15,nuclei
PD200_2_10xbuffer_K17,TAACCCGTAGTAC,K17,nuclei
PD200_2_10xbuffer_K19,TCTGCCTACTAAC,K19,nuclei
PD200_2_10xbuffer_K21,TTCAGTATTTATC,K21,nuclei
PD200_2_10xbuffer_K23,TGCTAGGGAAAAC,K23,nuclei
PD200_2_10xbuffer_L01,TAGTTACGAGGGC,L01,nuclei
PD200_2_10xbuffer_L03,TCGACCTAGGTTC,L03,nuclei
PD200_2_10xbuffer_L05,TGCCTCGATAGGC,L05,nuclei
PD200_2_10xbuffer_L07,TATTAGTCAAACC,L07,nuclei
PD200_2_10xbuffer_L09,TCTTACTGAACTC,L09,nuclei
PD200_2_10xbuffer_L11,TTCAATTGTGCAC,L11,nuclei
PD200_2_10xbuffer_L13,TGTACATGTCACC,L13,nuclei
PD200_2_10xbuffer_L15,TACGTATCATTAC,L15,nuclei
PD200_2_10xbuffer_L17,TCATGGACTCTGC,L17,nuclei
PD200_2_10xbuffer_L19,TTCATGCTCCATC,L19,nuclei
PD200_2_10xbuffer_L21,TGCTAACTCTGCC,L21,nuclei
PD200_2_10xbuffer_L23,TCCCTACTTCAAC,L23,nuclei
PD200_2_10xbuffer_M01,CAGTACTACGCGC,M01,nuclei
PD200_2_10xbuffer_M03,CTCACCGGCTATC,M03,nuclei
PD200_2_10xbuffer_M05,CACTATTTAATAC,M05,nuclei
PD200_2_10xbuffer_M07,CCGGACTTGCTGC,M07,nuclei
PD200_2_10xbuffer_M09,CTCACATCTTCCC,M09,nuclei
PD200_2_10xbuffer_M11,CGACCACCTGTAC,M11,nuclei
PD200_2_10xbuffer_M13,CATCAATCCCAGC,M13,nuclei
PD200_2_10xbuffer_M15,CCCAAGCAGGCCC,M15,nuclei
PD200_2_10xbuffer_M17,CTGTGCATAGTTC,M17,nuclei
PD200_2_10xbuffer_M19,CAACGCAGTCCAC,M19,nuclei
PD200_2_10xbuffer_M21,CGCGTTGGTAATC,M21,nuclei
PD200_2_10xbuffer_M23,CCTTCAGTAGGAC,M23,nuclei
PD200_2_10xbuffer_N01,CTAGCCTTCTGTC,N01,nuclei
PD200_2_10xbuffer_N03,CGTCCCACGAAGC,N03,nuclei
PD200_2_10xbuffer_N05,CTAGTTCCTATTC,N05,nuclei
PD200_2_10xbuffer_N07,CCCCAACCGGTGC,N07,nuclei
PD200_2_10xbuffer_N09,CTCTTAAAGATTG,N09,nuclei
PD200_2_10xbuffer_N11,CGGTCTCCTTGCG,N11,nuclei
PD200_2_10xbuffer_N13,CAATGAGCAGAGG,N13,nuclei
PD200_2_10xbuffer_N15,CCATATTCCCTTG,N15,nuclei
PD200_2_10xbuffer_N17,CTGTTACCCGTAG,N17,nuclei
PD200_2_10xbuffer_N19,CGATAATTTTCTG,N19,nuclei
PD200_2_10xbuffer_N21,CAACCTTGAGGGG,N21,nuclei
PD200_2_10xbuffer_N23,CCGATAAAACGCG,N23,nuclei
PD200_2_10xbuffer_O01,GCCTAGAGAGTTG,O01,nuclei
PD200_2_10xbuffer_O03,GGTCACCATGGAG,O03,nuclei
PD200_2_10xbuffer_O05,GCTGTGGCCCCGG,O05,nuclei
PD200_2_10xbuffer_O07,GTGGGAGGCGAAG,O07,nuclei
PD200_2_10xbuffer_O09,GGCTGCCGTCACG,O09,nuclei
PD200_2_10xbuffer_O11,GATCTTCTATGTG,O11,nuclei
PD200_2_10xbuffer_O13,GCTACTTGCTCTG,O13,nuclei
PD200_2_10xbuffer_O15,GTGGGCCTTTAGG,O15,nuclei
PD200_2_10xbuffer_O17,GGATACACCGGCG,O17,nuclei
PD200_2_10xbuffer_O19,GTGCGCTCGGATG,O19,nuclei
PD200_2_10xbuffer_O21,GCACAGGTCAAAG,O21,nuclei
PD200_2_10xbuffer_O23,GTCTGAGTGCCCG,O23,nuclei
PD200_2_10xbuffer_P01,GGTTGTGTAGCTG,P01,nuclei
PD200_2_10xbuffer_P03,GATGCGGGGCGGG,P03,nuclei
PD200_2_10xbuffer_P05,GCCGGTGTAAACG,P05,nuclei
PD200_2_10xbuffer_P07,GTGGCAAGTTCGG,P07,nuclei
PD200_2_10xbuffer_P09,GGTAGAATGAGTG,P09,nuclei
PD200_2_10xbuffer_P11,GCCCTATGGCCCG,P11,nuclei
PD200_2_10xbuffer_P13,GTCTATCCTCATG,P13,nuclei
PD200_2_10xbuffer_P15,GGAGTGTACTTGG,P15,nuclei
PD200_2_10xbuffer_P17,GATCGCGAGTACG,P17,nuclei
PD200_2_10xbuffer_P19,GCGGTCCCAAGTG,P19,nuclei
PD200_2_10xbuffer_P21,GTTCTGGGAGAGG,P21,nuclei
PD200_2_10xbuffer_P23,GAACTTCGAAAAG,P23,nuclei
PD200_2_10xbuffer_I02,AGCGTCCACACAA,I02,cells
PD200_2_10xbuffer_I04,ACGAGGTGCCGTA,I04,cells
PD200_2_10xbuffer_I06,ATTTATTAGACGA,I06,cells
PD200_2_10xbuffer_I08,AGGGCTCCGACAA,I08,cells
PD200_2_10xbuffer_I10,AAAGTTTATCAAA,I10,cells
PD200_2_10xbuffer_I12,ACACGTGTGCGGA,I12,cells
PD200_2_10xbuffer_I14,AACGTCAAGGATA,I14,cells
PD200_2_10xbuffer_I16,AGTGACAGCTACA,I16,cells
PD200_2_10xbuffer_I18,AAGCTTTACATGA,I18,cells
PD200_2_10xbuffer_I20,ATATGAACAACTA,I20,cells
PD200_2_10xbuffer_I22,AGTAGATCGCTAA,I22,cells
PD200_2_10xbuffer_I24,AAAGCGTCTACCA,I24,cells
PD200_2_10xbuffer_J02,ACATTTTTGAAGA,J02,cells
PD200_2_10xbuffer_J04,ATGTAGCTTACCA,J04,cells
PD200_2_10xbuffer_J06,AGTGAGCGGCAAA,J06,cells
PD200_2_10xbuffer_J08,AATGAGCCTGATA,J08,cells
PD200_2_10xbuffer_J10,ATCGAAACGAGGA,J10,cells
PD200_2_10xbuffer_J12,AGACAGTAGTCCA,J12,cells
PD200_2_10xbuffer_J14,ATTTAGCTCGGTA,J14,cells
PD200_2_10xbuffer_J16,AGCTTGAGGACCA,J16,cells
PD200_2_10xbuffer_J18,AACAGACGCCTAA,J18,cells
PD200_2_10xbuffer_J20,ATTGGACAGGGCA,J20,cells
PD200_2_10xbuffer_J22,AAAATTCAGTATA,J22,cells
PD200_2_10xbuffer_J24,ACTGTCGAAATAA,J24,cells
PD200_2_10xbuffer_K02,TTGGGTATCAGGA,K02,cells
PD200_2_10xbuffer_K04,TGCTATCAGTCTA,K04,cells
PD200_2_10xbuffer_K06,TAAGGCGGTAAGA,K06,cells
PD200_2_10xbuffer_K08,TCGATTGGGTTTA,K08,cells
PD200_2_10xbuffer_K10,TTGCCCAGCATAA,K10,cells
PD200_2_10xbuffer_K12,TGCACTGGGCGCA,K12,cells
PD200_2_10xbuffer_K14,TATGGGAATAAAA,K14,cells
PD200_2_10xbuffer_K16,TCTACCCGGTTGA,K16,cells
PD200_2_10xbuffer_K18,TCATCCAGATCAC,K18,cells
PD200_2_10xbuffer_K20,TGAAGCAATTAGC,K20,cells
PD200_2_10xbuffer_K22,TATGGCGTCCTTC,K22,cells
PD200_2_10xbuffer_K24,TCAATATATTGAC,K24,cells
PD200_2_10xbuffer_L02,TTTGGACGACCGC,L02,cells
PD200_2_10xbuffer_L04,TGATTGACCAAAC,L04,cells
PD200_2_10xbuffer_L06,TCGAACATACCTC,L06,cells
PD200_2_10xbuffer_L08,TTTCATCCAATAC,L08,cells
PD200_2_10xbuffer_L10,TGCGGGAAAGGCC,L10,cells
PD200_2_10xbuffer_L12,TCAGGGATCACTC,L12,cells
PD200_2_10xbuffer_L14,TGTGTTACTTCCC,L14,cells
PD200_2_10xbuffer_L16,TACGGGTGTTGAC,L16,cells
PD200_2_10xbuffer_L18,TCCTGATGGTAGC,L18,cells
PD200_2_10xbuffer_L20,TTTCGTGCTTTCC,L20,cells
PD200_2_10xbuffer_L22,TGACGCGACGATC,L22,cells
PD200_2_10xbuffer_L24,TATTGTTAACGAC,L24,cells
PD200_2_10xbuffer_M02,CCAAGCGCGTCCC,M02,cells
PD200_2_10xbuffer_M04,CTTATCGTCAAGC,M04,cells
PD200_2_10xbuffer_M06,CCTAGAAGTCGAC,M06,cells
PD200_2_10xbuffer_M08,CTCGGCATGATCC,M08,cells
PD200_2_10xbuffer_M10,CGACGGCGCACAC,M10,cells
PD200_2_10xbuffer_M12,CAGACCGTGGACC,M12,cells
PD200_2_10xbuffer_M14,CCAGGTGACGGCC,M14,cells
PD200_2_10xbuffer_M16,CTCGTGTCGGAGC,M16,cells
PD200_2_10xbuffer_M18,CTTTCGTGTAGAC,M18,cells
PD200_2_10xbuffer_M20,CGCCAGTGCTTTC,M20,cells
PD200_2_10xbuffer_M22,CATGTTGCGGGAC,M22,cells
PD200_2_10xbuffer_M24,CCGCTTGTATAGC,M24,cells
PD200_2_10xbuffer_N02,CTCGTCACTGGCC,N02,cells
PD200_2_10xbuffer_N04,CGCTTTTACTGAC,N04,cells
PD200_2_10xbuffer_N06,CAGCAGGGACGCC,N06,cells
PD200_2_10xbuffer_N08,CCCGCTCGACTAC,N08,cells
PD200_2_10xbuffer_N10,CTTCTGATTTTGG,N10,cells
PD200_2_10xbuffer_N12,CGATGTGCGTGTG,N12,cells
PD200_2_10xbuffer_N14,CACCCCGCTCCTG,N14,cells
PD200_2_10xbuffer_N16,CCAGATTGTAACG,N16,cells
PD200_2_10xbuffer_N18,CTGCTCCACCAAG,N18,cells
PD200_2_10xbuffer_N20,CGCGATATTCGGG,N20,cells
PD200_2_10xbuffer_N22,CACAGGGGCAACG,N22,cells
PD200_2_10xbuffer_N24,CCTCTGATCCGTG,N24,cells
PD200_2_10xbuffer_O02,GTCATTGACTTGG,O02,cells
PD200_2_10xbuffer_O04,GGGAAATCGTACG,O04,cells
PD200_2_10xbuffer_O06,GAACTTACTGCGG,O06,cells
PD200_2_10xbuffer_O08,GCGACGGATTAAG,O08,cells
PD200_2_10xbuffer_O10,GTTGCGATGTCCG,O10,cells
PD200_2_10xbuffer_O12,GGGATCGCACAGG,O12,cells
PD200_2_10xbuffer_O14,GACCAAATTGTAG,O14,cells
PD200_2_10xbuffer_O16,GCTGGTCAGTTTG,O16,cells
PD200_2_10xbuffer_O18,GGCCAAGGCGCCG,O18,cells
PD200_2_10xbuffer_O20,GATGTAAGTCTTG,O20,cells
PD200_2_10xbuffer_O22,GGGTGCTCCACAG,O22,cells
PD200_2_10xbuffer_O24,GCTGGTAGAGGTG,O24,cells
PD200_2_10xbuffer_P02,GGCAGATTCCAGG,P02,cells
PD200_2_10xbuffer_P04,GATGGTTGCAATG,P04,cells
PD200_2_10xbuffer_P06,GGCGGGTAGATAG,P06,cells
PD200_2_10xbuffer_P08,GCCACTCTTGGGG,P08,cells
PD200_2_10xbuffer_P10,GGTGAGGTATGTG,P10,cells
PD200_2_10xbuffer_P12,GAACGTTTATACG,P12,cells
PD200_2_10xbuffer_P14,GGTGCCGCCAGCG,P14,cells
PD200_2_10xbuffer_P16,GCGCGTTACTCAG,P16,cells
PD200_2_10xbuffer_P18,GTGATTGATGGAG,P18,cells
PD200_2_10xbuffer_P20,GGTTACGGGCCGG,P20,cells
PD200_2_10xbuffer_P22,GACCAGCATACAG,P22,cells
PD200_2_10xbuffer_P24,GCGAGTTTAATGG,P24,cells
